Internal_SKU,HEX,Hue_Degrees,Saturation_Value,Brightness_Value,Auto_Depth_Score
LC-GP-0001,#181818,0.0,0.0,9.4,9
LC-GP-0002,#F0F0F0,0.0,0.0,94.1,2
LC-GP-0003,#F8E8F0,330.0,6.5,97.3,1
LC-GP-0004,#F8E8E8,0.0,6.5,97.3,1
LC-GP-0005,#F0C8D8,336.0,16.7,94.1,2
LC-GP-0006,#E8C8D0,345.0,13.8,91.0,2
LC-GP-0007,#F8C0D8,334.3,22.6,97.3,1
LC-GP-0008,#F8C8D8,340.0,19.4,97.3,1
LC-GP-0009,#F8C0C8,351.4,22.6,97.3,1
LC-GP-0010,#F8C8D8,340.0,19.4,97.3,1
LC-GP-0011,#F8C0E8,317.1,22.6,97.3,1
LC-GP-0012,#F8E0F0,320.0,9.7,97.3,1
LC-GP-0013,#F8C8E0,330.0,19.4,97.3,1
LC-GP-0014,#F8B8C8,345.0,25.8,97.3,1
LC-GP-0015,#F8B0D0,333.3,29.0,97.3,1
LC-GP-0016,#F8B0C8,340.0,29.0,97.3,1
LC-GP-0017,#F8C8D0,350.0,19.4,97.3,1
LC-GP-0018,#F8D0C8,10.0,19.4,97.3,1
LC-GP-0019,#F8B0B0,0.0,29.0,97.3,1
LC-GP-0020,#F8C0C8,351.4,22.6,97.3,1
LC-GP-0021,#F0C0C8,350.0,20.0,94.1,2
LC-GP-0022,#F0B8C0,351.4,23.3,94.1,2
LC-GP-0023,#F8B0B8,353.3,29.0,97.3,1
LC-GP-0024,#F8C0B0,13.3,29.0,97.3,1
LC-GP-0025,#F8C0C8,351.4,22.6,97.3,1
LC-GP-0026,#F8C0C0,0.0,22.6,97.3,1
LC-GP-0027,#F8B0B8,353.3,29.0,97.3,1
LC-GP-0028,#E8B0B0,0.0,24.1,91.0,2
LC-GP-0029,#F8C0E0,325.7,22.6,97.3,1
LC-GP-0030,#E8A0C0,333.3,31.0,91.0,2
LC-GP-0031,#F0A0B8,342.0,33.3,94.1,2
LC-GP-0032,#F8A8C8,336.0,32.3,97.3,1
LC-GP-0033,#F8B8B8,0.0,25.8,97.3,1
LC-GP-0034,#E8B0B8,351.4,24.1,91.0,2
LC-GP-0035,#F8B0B8,353.3,29.0,97.3,1
LC-GP-0036,#F8A8B0,354.0,32.3,97.3,1
LC-GP-0037,#F8B8C0,352.5,25.8,97.3,1
LC-GP-0038,#F8A0B0,349.1,35.5,97.3,1
LC-GP-0039,#F0A0B8,342.0,33.3,94.1,2
LC-GP-0040,#F8A8C8,336.0,32.3,97.3,1
LC-GP-0041,#F8A0B8,343.6,35.5,97.3,1
LC-GP-0042,#F0A8B8,346.7,30.0,94.1,2
LC-GP-0043,#E898A8,348.0,34.5,91.0,2
LC-GP-0044,#E890A0,349.1,37.9,91.0,2
LC-GP-0045,#E898A8,348.0,34.5,91.0,2
LC-GP-0046,#E8A0C0,333.3,31.0,91.0,2
LC-GP-0047,#F090B8,335.0,40.0,94.1,2
LC-GP-0048,#E898B0,342.0,34.5,91.0,2
LC-GP-0049,#E0A8B8,342.9,25.0,87.8,2
LC-GP-0050,#D8A8B8,340.0,22.2,84.7,2
LC-GP-0051,#F0A8D0,326.7,30.0,94.1,2
LC-GP-0052,#F088B0,336.9,43.3,94.1,2
LC-GP-0053,#F888A8,342.9,45.2,97.3,1
LC-GP-0054,#F890B0,341.5,41.9,97.3,1
LC-GP-0055,#F090A8,345.0,40.0,94.1,2
LC-GP-0056,#F898A8,350.0,38.7,97.3,1
LC-GP-0057,#F898A8,350.0,38.7,97.3,1
LC-GP-0058,#F0A8B8,346.7,30.0,94.1,2
LC-GP-0059,#F8B0C0,346.7,29.0,97.3,1
LC-GP-0060,#F888A8,342.9,45.2,97.3,1
LC-GP-0061,#F8A8A8,0.0,32.3,97.3,1
LC-GP-0062,#F0A8A0,6.0,33.3,94.1,2
LC-GP-0063,#F09890,5.0,40.0,94.1,2
LC-GP-0064,#F09090,0.0,40.0,94.1,2
LC-GP-0065,#D88098,343.6,40.7,84.7,2
LC-GP-0066,#C06878,349.1,45.8,75.3,3
LC-GP-0067,#C06878,349.1,45.8,75.3,3
LC-GP-0068,#C87880,354.0,40.0,78.4,3
LC-GP-0069,#E88898,350.0,41.4,91.0,2
LC-GP-0070,#E87880,355.7,48.3,91.0,2
LC-GP-0071,#F88098,348.0,48.4,97.3,1
LC-GP-0072,#F87890,348.8,51.6,97.3,1
LC-GP-0073,#F88090,352.0,48.4,97.3,1
LC-GP-0074,#F87080,352.9,54.8,97.3,1
LC-GP-0075,#F06878,352.9,56.7,94.1,2
LC-GP-0076,#E87078,356.0,51.7,91.0,2
LC-GP-0077,#F08890,355.4,43.3,94.1,2
LC-GP-0078,#F07878,0.0,50.0,94.1,2
LC-GP-0079,#F08878,8.0,50.0,94.1,2
LC-GP-0080,#F86860,3.2,61.3,97.3,1
LC-GP-0081,#D86878,351.4,51.9,84.7,2
LC-GP-0082,#F07080,352.5,53.3,94.1,2
LC-GP-0083,#F88088,356.0,48.4,97.3,1
LC-GP-0084,#F87888,352.5,51.6,97.3,1
LC-GP-0085,#E85868,353.3,62.1,91.0,2
LC-GP-0086,#D83838,0.0,74.1,84.7,2
LC-GP-0087,#E87080,352.0,51.7,91.0,2
LC-GP-0088,#D06880,346.2,50.0,81.6,3
LC-GP-0089,#E86080,345.9,58.6,91.0,2
LC-GP-0090,#E86890,341.2,55.2,91.0,2
LC-GP-0091,#D05078,341.2,61.5,81.6,3
LC-GP-0092,#C84870,341.2,64.0,78.4,3
LC-GP-0093,#E85870,350.0,62.1,91.0,2
LC-GP-0094,#E85868,353.3,62.1,91.0,2
LC-GP-0095,#D06880,346.2,50.0,81.6,3
LC-GP-0096,#C03860,342.4,70.8,75.3,3
LC-GP-0097,#C85868,351.4,56.0,78.4,3
LC-GP-0098,#C04058,348.8,66.7,75.3,3
LC-GP-0099,#B04860,346.2,59.1,69.0,4
LC-GP-0100,#C04058,348.8,66.7,75.3,3
LC-GP-0101,#C83050,347.4,76.0,78.4,3
LC-GP-0102,#B83048,349.4,73.9,72.2,4
LC-GP-0103,#C02838,353.7,79.2,75.3,3
LC-GP-0104,#C02038,351.0,83.3,75.3,3
LC-GP-0105,#C02040,348.0,83.3,75.3,3
LC-GP-0106,#C02840,350.5,79.2,75.3,3
LC-GP-0107,#C02848,347.4,79.2,75.3,3
LC-GP-0108,#D03858,347.4,73.1,81.6,3
LC-GP-0109,#D01040,345.0,92.3,81.6,3
LC-GP-0110,#B01828,353.7,86.4,69.0,4
LC-GP-0111,#C02030,354.0,83.3,75.3,3
LC-GP-0112,#C02030,354.0,83.3,75.3,3
LC-GP-0113,#B03038,356.2,72.7,69.0,4
LC-GP-0114,#A02830,356.0,75.0,62.7,4
LC-GP-0115,#A02838,352.0,75.0,62.7,4
LC-GP-0116,#901020,352.5,88.9,56.5,5
LC-GP-0117,#882030,350.8,76.5,53.3,5
LC-GP-0118,#981830,348.8,84.2,59.6,5
LC-GP-0119,#981820,356.2,84.2,59.6,5
LC-GP-0120,#C81048,341.7,92.0,78.4,3
LC-GP-0121,#B01010,0.0,90.9,69.0,4
LC-GP-0122,#B01018,357.0,90.9,69.0,4
LC-GP-0123,#901820,356.0,83.3,56.5,5
LC-GP-0124,#581828,345.0,72.7,34.5,7
LC-GP-0125,#501820,351.4,70.0,31.4,7
LC-GP-0126,#B01820,356.8,86.4,69.0,4
LC-GP-0127,#C01820,357.1,87.5,75.3,3
LC-GP-0128,#C81820,357.3,88.0,78.4,3
LC-GP-0129,#F02850,348.0,83.3,94.1,2
LC-GP-0130,#F03028,2.4,83.3,94.1,2
LC-GP-0131,#F84050,354.8,74.2,97.3,1
LC-GP-0132,#E82830,357.5,82.8,91.0,2
LC-GP-0133,#E02828,0.0,82.1,87.8,2
LC-GP-0134,#C82838,354.0,80.0,78.4,3
LC-GP-0135,#C82818,5.5,88.0,78.4,3
LC-GP-0136,#E82840,352.5,82.8,91.0,2
LC-GP-0137,#C81818,0.0,88.0,78.4,3
LC-GP-0138,#D82828,0.0,81.5,84.7,2
LC-GP-0139,#D01818,0.0,88.5,81.6,3
LC-GP-0140,#D01010,0.0,92.3,81.6,3
LC-GP-0141,#C81828,354.5,88.0,78.4,3
LC-GP-0142,#C01820,357.1,87.5,75.3,3
LC-GP-0143,#C81828,354.5,88.0,78.4,3
LC-GP-0144,#C01828,354.3,87.5,75.3,3
LC-GP-0145,#C81820,357.3,88.0,78.4,3
LC-GP-0146,#D81810,2.4,92.6,84.7,2
LC-GP-0147,#C82018,2.7,88.0,78.4,3
LC-GP-0148,#C81820,357.3,88.0,78.4,3
LC-GP-0149,#D81008,2.3,96.3,84.7,2
LC-GP-0150,#D01018,357.5,92.3,81.6,3
LC-GP-0151,#D01010,0.0,92.3,81.6,3
LC-GP-0152,#C82038,351.4,84.0,78.4,3
LC-GP-0153,#C01018,357.3,91.7,75.3,3
LC-GP-0154,#C81018,357.4,92.0,78.4,3
LC-GP-0155,#B80810,357.3,95.7,72.2,4
LC-GP-0156,#C81828,354.5,88.0,78.4,3
LC-GP-0157,#C81820,357.3,88.0,78.4,3
LC-GP-0158,#C81818,0.0,88.0,78.4,3
LC-GP-0159,#C01818,0.0,87.5,75.3,3
LC-GP-0160,#D81810,2.4,92.6,84.7,2
LC-GP-0161,#C81820,357.3,88.0,78.4,3
LC-GP-0162,#C81820,357.3,88.0,78.4,3
LC-GP-0163,#B01818,0.0,86.4,69.0,4
LC-GP-0164,#D02030,354.5,84.6,81.6,3
LC-GP-0165,#C81828,354.5,88.0,78.4,3
LC-GP-0166,#A01820,356.5,85.0,62.7,4
LC-GP-0167,#B01820,356.8,86.4,69.0,4
LC-GP-0168,#B01810,3.0,90.9,69.0,4
LC-GP-0169,#882028,355.4,76.5,53.3,5
LC-GP-0170,#A81828,353.3,85.7,65.9,4
LC-GP-0171,#B01828,353.7,86.4,69.0,4
LC-GP-0172,#A81028,350.5,90.5,65.9,4
LC-GP-0173,#982030,352.0,78.9,59.6,5
LC-GP-0174,#901828,352.0,83.3,56.5,5
LC-GP-0175,#701828,349.1,78.6,43.9,6
LC-GP-0176,#901830,348.0,83.3,56.5,5
LC-GP-0177,#701818,0.0,78.6,43.9,6
LC-GP-0178,#781028,346.2,86.7,47.1,6
LC-GP-0179,#401010,0.0,75.0,25.1,8
LC-GP-0180,#802038,345.0,75.0,50.2,5
LC-GP-0181,#782828,0.0,66.7,47.1,6
LC-GP-0182,#601828,346.7,75.0,37.6,7
LC-GP-0183,#681820,354.0,76.9,40.8,6
LC-GP-0184,#601818,0.0,75.0,37.6,7
LC-GP-0185,#582030,342.9,63.6,34.5,7
LC-GP-0186,#602020,0.0,66.7,37.6,7
LC-GP-0187,#681830,342.0,76.9,40.8,6
LC-GP-0188,#602020,0.0,66.7,37.6,7
LC-GP-0189,#601828,346.7,75.0,37.6,7
LC-GP-0190,#702018,5.5,78.6,43.9,6
LC-GP-0191,#800838,336.0,93.8,50.2,5
LC-GP-0192,#582030,342.9,63.6,34.5,7
LC-GP-0193,#782020,0.0,73.3,47.1,6
LC-GP-0194,#902028,355.7,77.8,56.5,5
LC-GP-0195,#A01018,356.7,90.0,62.7,4
LC-GP-0196,#981828,352.5,84.2,59.6,5
LC-GP-0197,#981020,352.9,89.5,59.6,5
LC-GP-0198,#A81020,353.7,90.5,65.9,4
LC-GP-0199,#901020,352.5,88.9,56.5,5
LC-GP-0200,#981838,345.0,84.2,59.6,5
LC-GP-0201,#B01028,351.0,90.9,69.0,4
LC-GP-0202,#A80820,351.0,95.2,65.9,4
LC-GP-0203,#A81020,353.7,90.5,65.9,4
LC-GP-0204,#A01018,356.7,90.0,62.7,4
LC-GP-0205,#C80020,350.4,100.0,78.4,3
LC-GP-0206,#B81028,351.4,91.3,72.2,4
LC-GP-0207,#C81018,357.4,92.0,78.4,3
LC-GP-0208,#D80008,357.8,100.0,84.7,2
LC-GP-0209,#B01028,351.0,90.9,69.0,4
LC-GP-0210,#B81030,348.6,91.3,72.2,4
LC-GP-0211,#C01840,345.7,87.5,75.3,3
LC-GP-0212,#C01828,354.3,87.5,75.3,3
LC-GP-0213,#C81830,351.8,88.0,78.4,3
LC-GP-0214,#B81828,354.0,87.0,72.2,4
LC-GP-0215,#B02828,0.0,77.3,69.0,4
LC-GP-0216,#D83850,351.0,74.1,84.7,2
LC-GP-0217,#F85068,351.4,67.7,97.3,1
LC-GP-0218,#F06860,3.3,60.0,94.1,2
LC-GP-0219,#B05040,8.6,63.6,69.0,4
LC-GP-0220,#A04048,355.0,60.0,62.7,4
LC-GP-0221,#C85050,0.0,60.0,78.4,3
LC-GP-0222,#E05070,346.7,64.3,87.8,2
LC-GP-0223,#C06890,332.7,45.8,75.3,3
LC-GP-0224,#E86080,345.9,58.6,91.0,2
LC-GP-0225,#C88090,346.7,36.0,78.4,3
LC-GP-0226,#E890A0,349.1,37.9,91.0,2
LC-GP-0227,#F088A8,341.5,43.3,94.1,2
LC-GP-0228,#F08098,347.1,46.7,94.1,2
LC-GP-0229,#E898B8,336.0,34.5,91.0,2
LC-GP-0230,#D888A8,336.0,37.0,84.7,2
LC-GP-0231,#F878A0,341.2,51.6,97.3,1
LC-GP-0232,#F078A0,340.0,50.0,94.1,2
LC-GP-0233,#F888C0,330.0,45.2,97.3,1
LC-GP-0234,#E878B0,330.0,48.3,91.0,2
LC-GP-0235,#F890B0,341.5,41.9,97.3,1
LC-GP-0236,#F080A0,342.9,46.7,94.1,2
LC-GP-0237,#E07898,341.5,46.4,87.8,2
LC-GP-0238,#F07898,344.0,50.0,94.1,2
LC-GP-0239,#E07098,338.6,50.0,87.8,2
LC-GP-0240,#E05888,338.8,60.7,87.8,2
LC-GP-0241,#D87098,336.9,48.1,84.7,2
LC-GP-0242,#E84878,342.0,69.0,91.0,2
LC-GP-0243,#E85880,343.3,62.1,91.0,2
LC-GP-0244,#F84868,349.1,71.0,97.3,1
LC-GP-0245,#F85068,351.4,67.7,97.3,1
LC-GP-0246,#F83868,345.0,77.4,97.3,1
LC-GP-0247,#E01850,343.2,89.3,87.8,2
LC-GP-0248,#F03078,337.5,80.0,94.1,2
LC-GP-0249,#F03068,342.5,80.0,94.1,2
LC-GP-0250,#F02860,343.2,83.3,94.1,2
LC-GP-0251,#F85888,342.0,64.5,97.3,1
LC-GP-0252,#F03088,332.5,80.0,94.1,2
LC-GP-0253,#F83078,338.4,80.6,97.3,1
LC-GP-0254,#F04078,340.9,73.3,94.1,2
LC-GP-0255,#F82088,331.1,87.1,97.3,1
LC-GP-0256,#F84090,333.9,74.2,97.3,1
LC-GP-0257,#F060A0,333.3,60.0,94.1,2
LC-GP-0258,#E84080,337.1,72.4,91.0,2
LC-GP-0259,#E85070,347.4,65.5,91.0,2
LC-GP-0260,#C03058,343.3,75.0,75.3,3
LC-GP-0261,#C03060,340.0,75.0,75.3,3
LC-GP-0262,#D03070,336.0,76.9,81.6,3
LC-GP-0263,#C03868,338.8,70.8,75.3,3
LC-GP-0264,#C03868,338.8,70.8,75.3,3
LC-GP-0265,#D05078,341.2,61.5,81.6,3
LC-GP-0266,#D03878,334.7,73.1,81.6,3
LC-GP-0267,#D03870,337.9,73.1,81.6,3
LC-GP-0268,#C85080,336.0,60.0,78.4,3
LC-GP-0269,#D85078,342.4,63.0,84.7,2
LC-GP-0270,#F878B0,333.8,51.6,97.3,1
LC-GP-0271,#F070B8,326.2,53.3,94.1,2
LC-GP-0272,#E878C8,317.1,48.3,91.0,2
LC-GP-0273,#C84890,326.2,64.0,78.4,3
LC-GP-0274,#D858A0,326.2,59.3,84.7,2
LC-GP-0275,#C050A8,312.9,58.3,75.3,3
LC-GP-0276,#E840D0,308.6,72.4,91.0,2
LC-GP-0277,#E028A0,320.9,82.1,87.8,2
LC-GP-0278,#C00088,317.5,100.0,75.3,3
LC-GP-0279,#A03060,334.3,70.0,62.7,4
LC-GP-0280,#B02090,313.3,81.8,69.0,4
LC-GP-0281,#801840,336.9,81.2,50.2,5
LC-GP-0282,#A82088,314.1,81.0,65.9,4
LC-GP-0283,#880878,307.5,94.1,53.3,5
LC-GP-0284,#703098,276.9,68.4,59.6,5
LC-GP-0285,#382040,285.0,50.0,25.1,8
LC-GP-0286,#A00890,306.3,95.0,62.7,4
LC-GP-0287,#A030A8,296.0,71.4,65.9,4
LC-GP-0288,#C81088,320.9,92.0,78.4,3
LC-GP-0289,#D82878,332.7,81.5,84.7,2
LC-GP-0290,#C02068,333.0,83.3,75.3,3
LC-GP-0291,#B83060,338.8,73.9,72.2,4
LC-GP-0292,#C01850,340.0,87.5,75.3,3
LC-GP-0293,#C03858,345.9,70.8,75.3,3
LC-GP-0294,#C01840,345.7,87.5,75.3,3
LC-GP-0295,#B81830,351.0,87.0,72.2,4
LC-GP-0296,#B02030,353.3,81.8,69.0,4
LC-GP-0297,#B02048,343.3,81.8,69.0,4
LC-GP-0298,#A01010,0.0,90.0,62.7,4
LC-GP-0299,#B01828,353.7,86.4,69.0,4
LC-GP-0300,#B80810,357.3,95.7,72.2,4
LC-GP-0301,#C80838,345.0,96.0,78.4,3
LC-GP-0302,#A80848,336.0,95.2,65.9,4
LC-GP-0303,#602020,0.0,66.7,37.6,7
LC-GP-0304,#980840,336.7,94.7,59.6,5
LC-GP-0305,#882028,355.4,76.5,53.3,5
LC-GP-0306,#982848,342.9,73.7,59.6,5
LC-GP-0307,#A80818,354.0,95.2,65.9,4
LC-GP-0308,#882030,350.8,76.5,53.3,5
LC-GP-0309,#C80840,342.5,96.0,78.4,3
LC-GP-0310,#B01040,342.0,90.9,69.0,4
LC-GP-0311,#A01048,336.7,90.0,62.7,4
LC-GP-0312,#901828,352.0,83.3,56.5,5
LC-GP-0313,#881838,342.9,82.4,53.3,5
LC-GP-0314,#782040,338.2,73.3,47.1,6
LC-GP-0315,#981048,335.3,89.5,59.6,5
LC-GP-0316,#B01858,334.7,86.4,69.0,4
LC-GP-0317,#601010,0.0,83.3,37.6,7
LC-GP-0318,#581820,352.5,72.7,34.5,7
LC-GP-0319,#602030,345.0,66.7,37.6,7
LC-GP-0320,#982050,336.0,78.9,59.6,5
LC-GP-0321,#701038,335.0,85.7,43.9,6
LC-GP-0322,#581028,340.0,81.8,34.5,7
LC-GP-0323,#782050,327.3,73.3,47.1,6
LC-GP-0324,#903868,327.3,61.1,56.5,5
LC-GP-0325,#982050,336.0,78.9,59.6,5
LC-GP-0326,#A02050,337.5,80.0,62.7,4
LC-GP-0327,#781848,330.0,80.0,47.1,6
LC-GP-0328,#682050,320.0,69.2,40.8,6
LC-GP-0329,#701858,316.4,78.6,43.9,6
LC-GP-0330,#581840,322.5,72.7,34.5,7
LC-GP-0331,#683050,325.7,53.8,40.8,6
LC-GP-0332,#703050,330.0,57.1,43.9,6
LC-GP-0333,#501850,300.0,70.0,31.4,7
LC-GP-0334,#401840,300.0,62.5,25.1,8
LC-GP-0335,#701868,305.5,78.6,43.9,6
LC-GP-0336,#702860,313.3,64.3,43.9,6
LC-GP-0337,#482028,348.0,55.6,28.2,7
LC-GP-0338,#602040,330.0,66.7,37.6,7
LC-GP-0339,#601828,346.7,75.0,37.6,7
LC-GP-0340,#882050,332.3,76.5,53.3,5
LC-GP-0341,#783058,326.7,60.0,47.1,6
LC-GP-0342,#882040,341.5,76.5,53.3,5
LC-GP-0343,#801830,346.2,81.2,50.2,5
LC-GP-0344,#701828,349.1,78.6,43.9,6
LC-GP-0345,#602028,352.5,66.7,37.6,7
LC-GP-0346,#603850,324.0,41.7,37.6,7
LC-GP-0347,#704050,340.0,42.9,43.9,6
LC-GP-0348,#581020,346.7,81.8,34.5,7
LC-GP-0349,#502838,336.0,50.0,31.4,7
LC-GP-0350,#381818,0.0,57.1,22.0,8
LC-GP-0351,#481818,0.0,66.7,28.2,7
LC-GP-0352,#401818,0.0,62.5,25.1,8
LC-GP-0353,#905860,351.4,38.9,56.5,5
LC-GP-0354,#806068,345.0,25.0,50.2,5
LC-GP-0355,#905058,352.5,44.4,56.5,5
LC-GP-0356,#685060,320.0,23.1,40.8,6
LC-GP-0357,#503038,345.0,40.0,31.4,7
LC-GP-0358,#602830,351.4,58.3,37.6,7
LC-GP-0359,#603038,350.0,50.0,37.6,7
LC-GP-0360,#702830,353.3,64.3,43.9,6
LC-GP-0361,#784858,340.0,40.0,47.1,6
LC-GP-0362,#704050,340.0,42.9,43.9,6
LC-GP-0363,#784850,350.0,40.0,47.1,6
LC-GP-0364,#603838,0.0,41.7,37.6,7
LC-GP-0365,#704040,0.0,42.9,43.9,6
LC-GP-0366,#804848,0.0,43.8,50.2,5
LC-GP-0367,#684048,348.0,38.5,40.8,6
LC-GP-0368,#705048,12.0,35.7,43.9,6
LC-GP-0369,#A87888,340.0,28.6,65.9,4
LC-GP-0370,#B08088,350.0,27.3,69.0,4
LC-GP-0371,#B88080,0.0,30.4,72.2,4
LC-GP-0372,#B07878,0.0,31.8,69.0,4
LC-GP-0373,#A88080,0.0,23.8,65.9,4
LC-GP-0374,#A08088,345.0,20.0,62.7,4
LC-GP-0375,#B08080,0.0,27.3,69.0,4
LC-GP-0376,#B88080,0.0,30.4,72.2,4
LC-GP-0377,#A87070,0.0,33.3,65.9,4
LC-GP-0378,#C09898,0.0,20.8,75.3,3
LC-GP-0379,#B88890,350.0,26.1,72.2,4
LC-GP-0380,#B89090,0.0,21.7,72.2,4
LC-GP-0381,#C098A0,348.0,20.8,75.3,3
LC-GP-0382,#B090A0,330.0,18.2,69.0,4
LC-GP-0383,#B08890,348.0,22.7,69.0,4
LC-GP-0384,#C090A0,340.0,25.0,75.3,3
LC-GP-0385,#C89898,0.0,24.0,78.4,3
LC-GP-0386,#C09890,10.0,25.0,75.3,3
LC-GP-0387,#C8A8A8,0.0,16.0,78.4,3
LC-GP-0388,#B88880,8.6,30.4,72.2,4
LC-GP-0389,#C09088,8.6,29.2,75.3,3
LC-GP-0390,#B88880,8.6,30.4,72.2,4
LC-GP-0391,#C08888,0.0,29.2,75.3,3
LC-GP-0392,#B08888,0.0,22.7,69.0,4
LC-GP-0393,#B89090,0.0,21.7,72.2,4
LC-GP-0394,#B88080,0.0,30.4,72.2,4
LC-GP-0395,#B08880,10.0,27.3,69.0,4
LC-GP-0396,#C08890,351.4,29.2,75.3,3
LC-GP-0397,#B88888,0.0,26.1,72.2,4
LC-GP-0398,#C09898,0.0,20.8,75.3,3
LC-GP-0399,#B89090,0.0,21.7,72.2,4
LC-GP-0400,#B08888,0.0,22.7,69.0,4
LC-GP-0401,#C89890,8.6,28.0,78.4,3
LC-GP-0402,#C89890,8.6,28.0,78.4,3
LC-GP-0403,#C8A0A0,0.0,20.0,78.4,3
LC-GP-0404,#C89888,15.0,32.0,78.4,3
LC-GP-0405,#D89888,12.0,37.0,84.7,2
LC-GP-0406,#E09890,6.0,35.7,87.8,2
LC-GP-0407,#D89888,12.0,37.0,84.7,2
LC-GP-0408,#D09888,13.3,34.6,81.6,3
LC-GP-0409,#D89880,16.4,40.7,84.7,2
LC-GP-0410,#C88878,12.0,40.0,78.4,3
LC-GP-0411,#C88880,6.7,36.0,78.4,3
LC-GP-0412,#C08078,6.7,37.5,75.3,3
LC-GP-0413,#C08878,13.3,37.5,75.3,3
LC-GP-0414,#B07870,7.5,36.4,69.0,4
LC-GP-0415,#C07868,10.9,45.8,75.3,3
LC-GP-0416,#C07870,6.0,41.7,75.3,3
LC-GP-0417,#F8D8D0,12.0,16.1,97.3,1
LC-GP-0418,#E8B8A0,20.0,31.0,91.0,2
LC-GP-0419,#F0C0A8,20.0,30.0,94.1,2
LC-GP-0420,#F0C8A8,26.7,30.0,94.1,2
LC-GP-0421,#E8A088,15.0,41.4,91.0,2
LC-GP-0422,#F8B8A0,16.4,35.5,97.3,1
LC-GP-0423,#E0A8A8,0.0,25.0,87.8,2
LC-GP-0424,#E0B0A0,15.0,28.6,87.8,2
LC-GP-0425,#F0C0B0,15.0,26.7,94.1,2
LC-GP-0426,#E8B0A0,13.3,31.0,91.0,2
LC-GP-0427,#F0B8A0,18.0,33.3,94.1,2
LC-GP-0428,#E0B8A0,22.5,28.6,87.8,2
LC-GP-0429,#F8A888,17.1,45.2,97.3,1
LC-GP-0430,#E8A090,10.9,37.9,91.0,2
LC-GP-0431,#E8A890,16.4,37.9,91.0,2
LC-GP-0432,#F89078,11.2,51.6,97.3,1
LC-GP-0433,#C87880,354.0,40.0,78.4,3
LC-GP-0434,#D08080,0.0,38.5,81.6,3
LC-GP-0435,#C87078,354.5,44.0,78.4,3
LC-GP-0436,#D08880,6.0,38.5,81.6,3
LC-GP-0437,#D08070,10.0,46.2,81.6,3
LC-GP-0438,#C07868,10.9,45.8,75.3,3
LC-GP-0439,#C07068,5.5,45.8,75.3,3
LC-GP-0440,#B87070,0.0,39.1,72.2,4
LC-GP-0441,#B87870,6.7,39.1,72.2,4
LC-GP-0442,#986068,351.4,36.8,59.6,5
LC-GP-0443,#A06068,352.5,40.0,62.7,4
LC-GP-0444,#A05860,353.3,45.0,62.7,4
LC-GP-0445,#984050,349.1,57.9,59.6,5
LC-GP-0446,#803848,346.7,56.2,50.2,5
LC-GP-0447,#904048,354.0,55.6,56.5,5
LC-GP-0448,#903848,349.1,61.1,56.5,5
LC-GP-0449,#B05068,345.0,54.5,69.0,4
LC-GP-0450,#B03848,352.0,68.2,69.0,4
LC-GP-0451,#B03838,0.0,68.2,69.0,4
LC-GP-0452,#882040,341.5,76.5,53.3,5
LC-GP-0453,#981858,330.0,84.2,59.6,5
LC-GP-0454,#782850,330.0,66.7,47.1,6
LC-GP-0455,#881830,347.1,82.4,53.3,5
LC-GP-0456,#801830,346.2,81.2,50.2,5
LC-GP-0457,#702030,348.0,71.4,43.9,6
LC-GP-0458,#602020,0.0,66.7,37.6,7
LC-GP-0459,#883048,343.6,64.7,53.3,5
LC-GP-0460,#904850,353.3,50.0,56.5,5
LC-GP-0461,#A85860,354.0,47.6,65.9,4
LC-GP-0462,#A05868,346.7,45.0,62.7,4
LC-GP-0463,#A04858,349.1,55.0,62.7,4
LC-GP-0464,#905860,351.4,38.9,56.5,5
LC-GP-0465,#A87080,342.9,33.3,65.9,4
LC-GP-0466,#A06878,342.9,35.0,62.7,4
LC-GP-0467,#A87070,0.0,33.3,65.9,4
LC-GP-0468,#A87078,351.4,33.3,65.9,4
LC-GP-0469,#C08890,351.4,29.2,75.3,3
LC-GP-0470,#986068,351.4,36.8,59.6,5
LC-GP-0471,#A05860,353.3,45.0,62.7,4
LC-GP-0472,#905860,351.4,38.9,56.5,5
LC-GP-0473,#B07078,352.5,36.4,69.0,4
LC-GP-0474,#B07888,342.9,31.8,69.0,4
LC-GP-0475,#A87088,334.3,33.3,65.9,4
LC-GP-0476,#B87088,340.0,39.1,72.2,4
LC-GP-0477,#A05070,336.0,50.0,62.7,4
LC-GP-0478,#985070,333.3,47.4,59.6,5
LC-GP-0479,#A85068,343.6,52.4,65.9,4
LC-GP-0480,#B05868,349.1,50.0,69.0,4
LC-GP-0481,#C05070,342.9,58.3,75.3,3
LC-GP-0482,#C05870,346.2,54.2,75.3,3
LC-GP-0483,#A06078,337.5,40.0,62.7,4
LC-GP-0484,#A04070,330.0,60.0,62.7,4
LC-GP-0485,#985078,326.7,47.4,59.6,5
LC-GP-0486,#A05870,340.0,45.0,62.7,4
LC-GP-0487,#805060,340.0,37.5,50.2,5
LC-GP-0488,#805070,320.0,37.5,50.2,5
LC-GP-0489,#784860,330.0,40.0,47.1,6
LC-GP-0490,#683860,310.0,46.2,40.8,6
LC-GP-0491,#785058,348.0,33.3,47.1,6
LC-GP-0492,#784058,334.3,46.7,47.1,6
LC-GP-0493,#884850,352.5,47.1,53.3,5
LC-GP-0494,#905870,334.3,38.9,56.5,5
LC-GP-0495,#985058,353.3,47.4,59.6,5
LC-GP-0496,#906880,324.0,27.8,56.5,5
LC-GP-0497,#886090,290.0,33.3,56.5,5
LC-GP-0498,#986880,330.0,31.6,59.6,5
LC-GP-0499,#A088B0,276.0,22.7,69.0,4
LC-GP-0500,#A880B0,290.0,27.3,69.0,4
LC-GP-0501,#A880A0,312.0,23.8,65.9,4
LC-GP-0502,#B088A8,312.0,22.7,69.0,4
LC-GP-0503,#B088A0,324.0,22.7,69.0,4
LC-GP-0504,#A088A0,300.0,15.0,62.7,4
LC-GP-0505,#B890A8,324.0,21.7,72.2,4
LC-GP-0506,#B088A0,324.0,22.7,69.0,4
LC-GP-0507,#B898B0,315.0,17.4,72.2,4
LC-GP-0508,#C890A0,342.9,28.0,78.4,3
LC-GP-0509,#D0A8B8,336.0,19.2,81.6,3
LC-GP-0510,#E0B0B8,350.0,21.4,87.8,2
LC-GP-0511,#D8A0A8,351.4,25.9,84.7,2
LC-GP-0512,#F0D0D8,345.0,13.3,94.1,2
LC-GP-0513,#F0E8E0,30.0,6.7,94.1,2
LC-GP-0514,#D8D0C8,30.0,7.4,84.7,2
LC-GP-0515,#E8D8D0,20.0,10.3,91.0,2
LC-GP-0516,#F0E0D8,20.0,10.0,94.1,2
LC-GP-0517,#E0C8C0,15.0,14.3,87.8,2
LC-GP-0518,#F0D0B8,25.7,23.3,94.1,2
LC-GP-0519,#F0D8C8,24.0,16.7,94.1,2
LC-GP-0520,#F0D8D0,15.0,13.3,94.1,2
LC-GP-0521,#F0D8C8,24.0,16.7,94.1,2
LC-GP-0522,#F0D0B8,25.7,23.3,94.1,2
LC-GP-0523,#E0C8B8,24.0,17.9,87.8,2
LC-GP-0524,#E8C8C0,12.0,17.2,91.0,2
LC-GP-0525,#D8B8A8,20.0,22.2,84.7,2
LC-GP-0526,#E0C0A8,25.7,25.0,87.8,2
LC-GP-0527,#E8B8A8,15.0,27.6,91.0,2
LC-GP-0528,#E0B8A0,22.5,28.6,87.8,2
LC-GP-0529,#B8A0B0,320.0,13.0,72.2,4
LC-GP-0530,#C0A8A8,0.0,12.5,75.3,3
LC-GP-0531,#D0A8A8,0.0,19.2,81.6,3
LC-GP-0532,#C0A0A8,345.0,16.7,75.3,3
LC-GP-0533,#E8C8B8,20.0,20.7,91.0,2
LC-GP-0534,#D8B8A0,25.7,25.9,84.7,2
LC-GP-0535,#D8C098,37.5,29.6,84.7,2
LC-GP-0536,#D8A888,24.0,37.0,84.7,2
LC-GP-0537,#D09878,21.8,42.3,81.6,3
LC-GP-0538,#D8A088,18.0,37.0,84.7,2
LC-GP-0539,#C88880,6.7,36.0,78.4,3
LC-GP-0540,#B8A0A8,340.0,13.0,72.2,4
LC-GP-0541,#B07878,0.0,31.8,69.0,4
LC-GP-0542,#886868,0.0,23.5,53.3,5
LC-GP-0543,#A88880,12.0,23.8,65.9,4
LC-GP-0544,#786878,300.0,13.3,47.1,6
LC-GP-0545,#B87058,15.0,52.2,72.2,4
LC-GP-0546,#B07860,18.0,45.5,69.0,4
LC-GP-0547,#A86060,0.0,42.9,65.9,4
LC-GP-0548,#A06850,18.0,50.0,62.7,4
LC-GP-0549,#B06850,15.0,54.5,69.0,4
LC-GP-0550,#A85028,18.8,76.2,65.9,4
LC-GP-0551,#904830,15.0,66.7,56.5,5
LC-GP-0552,#705858,0.0,21.4,43.9,6
LC-GP-0553,#804020,20.0,75.0,50.2,5
LC-GP-0554,#884028,15.0,70.6,53.3,5
LC-GP-0555,#683820,20.0,69.2,40.8,6
LC-GP-0556,#783828,12.0,66.7,47.1,6
LC-GP-0557,#683020,13.3,69.2,40.8,6
LC-GP-0558,#884038,6.0,58.8,53.3,5
LC-GP-0559,#784030,13.3,60.0,47.1,6
LC-GP-0560,#583020,17.1,63.6,34.5,7
LC-GP-0561,#602818,13.3,75.0,37.6,7
LC-GP-0562,#603830,10.0,50.0,37.6,7
LC-GP-0563,#602820,7.5,66.7,37.6,7
LC-GP-0564,#503830,15.0,40.0,31.4,7
LC-GP-0565,#603020,15.0,66.7,37.6,7
LC-GP-0566,#482818,20.0,66.7,28.2,7
LC-GP-0567,#483020,24.0,55.6,28.2,7
LC-GP-0568,#684840,12.0,38.5,40.8,6
LC-GP-0569,#684838,20.0,46.2,40.8,6
LC-GP-0570,#684848,0.0,30.8,40.8,6
LC-GP-0571,#604048,345.0,33.3,37.6,7
LC-GP-0572,#906058,8.6,38.9,56.5,5
LC-GP-0573,#785048,10.0,40.0,47.1,6
LC-GP-0574,#684840,12.0,38.5,40.8,6
LC-GP-0575,#885860,350.0,35.3,53.3,5
LC-GP-0576,#985858,0.0,42.1,59.6,5
LC-GP-0577,#906050,15.0,44.4,56.5,5
LC-GP-0578,#886858,20.0,35.3,53.3,5
LC-GP-0579,#987060,17.1,36.8,59.6,5
LC-GP-0580,#A06050,12.0,50.0,62.7,4
LC-GP-0581,#885048,7.5,47.1,53.3,5
LC-GP-0582,#905848,13.3,50.0,56.5,5
LC-GP-0583,#A05850,6.0,50.0,62.7,4
LC-GP-0584,#985050,0.0,47.4,59.6,5
LC-GP-0585,#A05858,0.0,45.0,62.7,4
LC-GP-0586,#A06060,0.0,40.0,62.7,4
LC-GP-0587,#B86858,10.0,52.2,72.2,4
LC-GP-0588,#A87060,13.3,42.9,65.9,4
LC-GP-0589,#B07860,18.0,45.5,69.0,4
LC-GP-0590,#B07068,6.7,40.9,69.0,4
LC-GP-0591,#C89078,18.0,40.0,78.4,3
LC-GP-0592,#C07068,5.5,45.8,75.3,3
LC-GP-0593,#D06058,4.0,57.7,81.6,3
LC-GP-0594,#C05850,4.3,58.3,75.3,3
LC-GP-0595,#C07068,5.5,45.8,75.3,3
LC-GP-0596,#C06050,8.6,58.3,75.3,3
LC-GP-0597,#D86060,0.0,55.6,84.7,2
LC-GP-0598,#B05050,0.0,54.5,69.0,4
LC-GP-0599,#B85848,8.6,60.9,72.2,4
LC-GP-0600,#B05048,4.6,59.1,69.0,4
LC-GP-0601,#C06860,5.0,50.0,75.3,3
LC-GP-0602,#C86048,11.2,64.0,78.4,3
LC-GP-0603,#885048,7.5,47.1,53.3,5
LC-GP-0604,#A86850,16.4,52.4,65.9,4
LC-GP-0605,#A85868,348.0,47.6,65.9,4
LC-GP-0606,#C05038,10.6,70.8,75.3,3
LC-GP-0607,#B04830,11.2,72.7,69.0,4
LC-GP-0608,#C06048,12.0,62.5,75.3,3
LC-GP-0609,#C86040,14.1,68.0,78.4,3
LC-GP-0610,#B86048,12.9,60.9,72.2,4
LC-GP-0611,#C86838,20.0,72.0,78.4,3
LC-GP-0612,#D87860,12.0,55.6,84.7,2
LC-GP-0613,#E08868,16.0,53.6,87.8,2
LC-GP-0614,#B87058,15.0,52.2,72.2,4
LC-GP-0615,#B05850,5.0,54.5,69.0,4
LC-GP-0616,#C05040,7.5,66.7,75.3,3
LC-GP-0617,#B84030,7.1,73.9,72.2,4
LC-GP-0618,#C84838,6.7,72.0,78.4,3
LC-GP-0619,#C05028,15.8,79.2,75.3,3
LC-GP-0620,#D84818,15.0,88.9,84.7,2
LC-GP-0621,#D04030,6.0,76.9,81.6,3
LC-GP-0622,#E83800,14.5,100.0,91.0,2
LC-GP-0623,#B84020,12.6,82.6,72.2,4
LC-GP-0624,#D04018,13.0,88.5,81.6,3
LC-GP-0625,#E04028,7.8,82.1,87.8,2
LC-GP-0626,#B03820,10.0,81.8,69.0,4
LC-GP-0627,#C84838,6.7,72.0,78.4,3
LC-GP-0628,#B84030,7.1,73.9,72.2,4
LC-GP-0629,#A84850,355.0,57.1,65.9,4
LC-GP-0630,#A01020,353.3,90.0,62.7,4
LC-GP-0631,#A02830,356.0,75.0,62.7,4
LC-GP-0632,#B04848,0.0,59.1,69.0,4
LC-GP-0633,#983030,0.0,68.4,59.6,5
LC-GP-0634,#B84038,3.8,69.6,72.2,4
LC-GP-0635,#C02838,353.7,79.2,75.3,3
LC-GP-0636,#C82040,348.6,84.0,78.4,3
LC-GP-0637,#A81828,353.3,85.7,65.9,4
LC-GP-0638,#C82048,345.7,84.0,78.4,3
LC-GP-0639,#B84830,10.6,73.9,72.2,4
LC-GP-0640,#B03048,348.8,72.7,69.0,4
LC-GP-0641,#683030,0.0,53.8,40.8,6
LC-GP-0642,#681820,354.0,76.9,40.8,6
LC-GP-0643,#782038,343.6,73.3,47.1,6
LC-GP-0644,#782028,354.5,73.3,47.1,6
LC-GP-0645,#702828,0.0,64.3,43.9,6
LC-GP-0646,#683028,7.5,61.5,40.8,6
LC-GP-0647,#583030,0.0,45.5,34.5,7
LC-GP-0648,#602020,0.0,66.7,37.6,7
LC-GP-0649,#701820,354.5,78.6,43.9,6
LC-GP-0650,#602028,352.5,66.7,37.6,7
LC-GP-0651,#682830,352.5,61.5,40.8,6
LC-GP-0652,#601818,0.0,75.0,37.6,7
LC-GP-0653,#783828,12.0,66.7,47.1,6
LC-GP-0654,#683028,7.5,61.5,40.8,6
LC-GP-0655,#482830,345.0,44.4,28.2,7
LC-GP-0656,#403030,0.0,25.0,25.1,8
LC-GP-0657,#501820,351.4,70.0,31.4,7
LC-GP-0658,#502828,0.0,50.0,31.4,7
LC-GP-0659,#301818,0.0,50.0,18.8,8
LC-GP-0660,#181818,0.0,0.0,9.4,9
LC-GP-0661,#301818,0.0,50.0,18.8,8
LC-GP-0662,#402020,0.0,50.0,25.1,8
LC-GP-0663,#382028,340.0,42.9,22.0,8
LC-GP-0664,#402020,0.0,50.0,25.1,8
LC-GP-0665,#402028,345.0,50.0,25.1,8
LC-GP-0666,#482030,336.0,55.6,28.2,7
LC-GP-0667,#301820,340.0,50.0,18.8,8
LC-GP-0668,#481898,262.5,84.2,59.6,5
LC-GP-0669,#582880,272.7,68.8,50.2,5
LC-GP-0670,#502078,272.7,73.3,47.1,6
LC-GP-0671,#281838,270.0,57.1,22.0,8
LC-GP-0672,#481870,272.7,78.6,43.9,6
LC-GP-0673,#501870,278.2,78.6,43.9,6
LC-GP-0674,#482860,274.3,58.3,37.6,7
LC-GP-0675,#402038,315.0,50.0,25.1,8
LC-GP-0676,#7818A0,282.4,85.0,62.7,4
LC-GP-0677,#8048A0,278.2,55.0,62.7,4
LC-GP-0678,#603888,270.0,58.8,53.3,5
LC-GP-0679,#704098,272.7,57.9,59.6,5
LC-GP-0680,#603090,270.0,66.7,56.5,5
LC-GP-0681,#603888,270.0,58.8,53.3,5
LC-GP-0682,#5018A0,264.7,85.0,62.7,4
LC-GP-0683,#402058,274.3,63.6,34.5,7
LC-GP-0684,#684878,280.0,40.0,47.1,6
LC-GP-0685,#603868,290.0,46.2,40.8,6
LC-GP-0686,#704078,291.4,46.7,47.1,6
LC-GP-0687,#905078,322.5,44.4,56.5,5
LC-GP-0688,#A06890,317.1,35.0,62.7,4
LC-GP-0689,#A878D8,270.0,44.4,84.7,2
LC-GP-0690,#A068D0,272.3,50.0,81.6,3
LC-GP-0691,#9870B8,273.3,39.1,72.2,4
LC-GP-0692,#D080D8,294.5,40.7,84.7,2
LC-GP-0693,#B080B8,291.4,30.4,72.2,4
LC-GP-0694,#9860A0,292.5,40.0,62.7,4
LC-GP-0695,#D878E8,291.4,48.3,91.0,2
LC-GP-0696,#B068B8,294.0,43.5,72.2,4
LC-GP-0697,#B058B8,295.0,52.2,72.2,4
LC-GP-0698,#9058C8,270.0,56.0,78.4,3
LC-GP-0699,#9070C8,261.8,44.0,78.4,3
LC-GP-0700,#8848B8,274.3,60.9,72.2,4
LC-GP-0701,#9840B0,287.1,63.6,69.0,4
LC-GP-0702,#704098,272.7,57.9,59.6,5
LC-GP-0703,#8050A0,276.0,50.0,62.7,4
LC-GP-0704,#9050C8,272.0,60.0,78.4,3
LC-GP-0705,#A088B8,270.0,26.1,72.2,4
LC-GP-0706,#B070A8,307.5,36.4,69.0,4
LC-GP-0707,#B07098,322.5,36.4,69.0,4
LC-GP-0708,#B86090,327.3,47.8,72.2,4
LC-GP-0709,#C07898,333.3,37.5,75.3,3
LC-GP-0710,#D090B0,330.0,30.8,81.6,3
LC-GP-0711,#C07098,330.0,41.7,75.3,3
LC-GP-0712,#A86098,313.3,42.9,65.9,4
LC-GP-0713,#C078B0,313.3,37.5,75.3,3
LC-GP-0714,#D090B8,322.5,30.8,81.6,3
LC-GP-0715,#E888D0,315.0,41.4,91.0,2
LC-GP-0716,#E090C0,324.0,35.7,87.8,2
LC-GP-0717,#E090D0,312.0,35.7,87.8,2
LC-GP-0718,#D098E0,286.7,32.1,87.8,2
LC-GP-0719,#D8A8E8,285.0,27.6,91.0,2
LC-GP-0720,#D898C0,322.5,29.6,84.7,2
LC-GP-0721,#E8B8D8,320.0,20.7,91.0,2
LC-GP-0722,#E8C0D0,336.0,17.2,91.0,2
LC-GP-0723,#F8B8E0,322.5,25.8,97.3,1
LC-GP-0724,#F8B8E0,322.5,25.8,97.3,1
LC-GP-0725,#F0C8E0,324.0,16.7,94.1,2
LC-GP-0726,#F0C8E8,312.0,16.7,94.1,2
LC-GP-0727,#E0C8E0,300.0,10.7,87.8,2
LC-GP-0728,#D0B0E0,280.0,21.4,87.8,2
LC-GP-0729,#D8C0F0,270.0,20.0,94.1,2
LC-GP-0730,#C0B8F0,248.6,23.3,94.1,2
LC-GP-0731,#B0A8E8,247.5,27.6,91.0,2
LC-GP-0732,#D8B8F0,274.3,23.3,94.1,2
LC-GP-0733,#B8A0D0,270.0,23.1,81.6,3
LC-GP-0734,#B890C8,282.9,28.0,78.4,3
LC-GP-0735,#C8A8E0,274.3,25.0,87.8,2
LC-GP-0736,#B888D8,276.0,37.0,84.7,2
LC-GP-0737,#E8E0F8,260.0,9.7,97.3,1
LC-GP-0738,#C8C8D8,240.0,7.4,84.7,2
LC-GP-0739,#D0C8E0,260.0,10.7,87.8,2
LC-GP-0740,#A8A0B8,260.0,13.0,72.2,4
LC-GP-0741,#A8A0C8,252.0,20.0,78.4,3
LC-GP-0742,#9898D8,240.0,29.6,84.7,2
LC-GP-0743,#A8A0D8,248.6,25.9,84.7,2
LC-GP-0744,#9880B0,270.0,27.3,69.0,4
LC-GP-0745,#B098D0,265.7,26.9,81.6,3
LC-GP-0746,#9078B8,262.5,34.8,72.2,4
LC-GP-0747,#8878B8,255.0,34.8,72.2,4
LC-GP-0748,#706098,257.1,36.8,59.6,5
LC-GP-0749,#605890,248.6,38.9,56.5,5
LC-GP-0750,#505880,230.0,37.5,50.2,5
LC-GP-0751,#7070B0,240.0,36.4,69.0,4
LC-GP-0752,#7878B8,240.0,34.8,72.2,4
LC-GP-0753,#C0D8F8,214.3,22.6,97.3,1
LC-GP-0754,#A0B0D8,222.9,25.9,84.7,2
LC-GP-0755,#98B0E8,222.0,34.5,91.0,2
LC-GP-0756,#A0A8E0,232.5,28.6,87.8,2
LC-GP-0757,#98A8E8,228.0,34.5,91.0,2
LC-GP-0758,#98B0F0,223.6,36.7,94.1,2
LC-GP-0759,#9898E0,240.0,32.1,87.8,2
LC-GP-0760,#9090D8,240.0,33.3,84.7,2
LC-GP-0761,#8878D0,250.9,42.3,81.6,3
LC-GP-0762,#7860D0,252.9,53.8,81.6,3
LC-GP-0763,#6858D0,248.0,57.7,81.6,3
LC-GP-0764,#6058B0,245.5,50.0,69.0,4
LC-GP-0765,#4848A0,240.0,55.0,62.7,4
LC-GP-0766,#6068B8,234.5,47.8,72.2,4
LC-GP-0767,#6878C8,230.0,48.0,78.4,3
LC-GP-0768,#5868C0,230.8,54.2,75.3,3
LC-GP-0769,#5898F8,216.0,64.5,97.3,1
LC-GP-0770,#6090C8,212.3,52.0,78.4,3
LC-GP-0771,#2898F0,206.4,83.3,94.1,2
LC-GP-0772,#2880E0,211.3,82.1,87.8,2
LC-GP-0773,#3880E0,214.3,75.0,87.8,2
LC-GP-0774,#2858C8,222.0,80.0,78.4,3
LC-GP-0775,#2858B0,218.8,77.3,69.0,4
LC-GP-0776,#3860A8,218.6,66.7,65.9,4
LC-GP-0777,#2060C8,217.1,84.0,78.4,3
LC-GP-0778,#3050B8,225.9,73.9,72.2,4
LC-GP-0779,#2858C0,221.1,79.2,75.3,3
LC-GP-0780,#302890,244.6,72.2,56.5,5
LC-GP-0781,#3840B0,236.0,68.2,69.0,4
LC-GP-0782,#2850B0,222.4,77.3,69.0,4
LC-GP-0783,#384090,234.5,61.1,56.5,5
LC-GP-0784,#4008C8,257.5,96.0,78.4,3
LC-GP-0785,#3828B8,246.7,78.3,72.2,4
LC-GP-0786,#4040B8,240.0,65.2,72.2,4
LC-GP-0787,#2820B8,243.2,82.6,72.2,4
LC-GP-0788,#3020B0,246.7,81.8,69.0,4
LC-GP-0789,#4010B0,258.0,90.9,69.0,4
LC-GP-0790,#3018A8,250.0,85.7,65.9,4
LC-GP-0791,#301860,260.0,75.0,37.6,7
LC-GP-0792,#181888,240.0,82.4,53.3,5
LC-GP-0793,#303078,240.0,60.0,47.1,6
LC-GP-0794,#303098,240.0,68.4,59.6,5
LC-GP-0795,#2838A0,232.0,75.0,62.7,4
LC-GP-0796,#403898,245.0,63.2,59.6,5
LC-GP-0797,#403078,253.3,60.0,47.1,6
LC-GP-0798,#503888,258.0,58.8,53.3,5
LC-GP-0799,#184898,217.5,84.2,59.6,5
LC-GP-0800,#3820A8,250.6,81.0,65.9,4
LC-GP-0801,#183848,200.0,66.7,28.2,7
LC-GP-0802,#202838,220.0,42.9,22.0,8
LC-GP-0803,#203840,195.0,50.0,25.1,8
LC-GP-0804,#284878,216.0,66.7,47.1,6
LC-GP-0805,#284078,222.0,66.7,47.1,6
LC-GP-0806,#085088,206.2,94.1,53.3,5
LC-GP-0807,#185878,200.0,80.0,47.1,6
LC-GP-0808,#607898,214.3,36.8,59.6,5
LC-GP-0809,#3060A0,214.3,70.0,62.7,4
LC-GP-0810,#4868A0,218.2,55.0,62.7,4
LC-GP-0811,#286090,207.7,72.2,56.5,5
LC-GP-0812,#5060A8,229.1,52.4,65.9,4
LC-GP-0813,#507098,213.3,47.4,59.6,5
LC-GP-0814,#606088,240.0,29.4,53.3,5
LC-GP-0815,#606080,240.0,25.0,50.2,5
LC-GP-0816,#8898B8,220.0,26.1,72.2,4
LC-GP-0817,#586888,220.0,35.3,53.3,5
LC-GP-0818,#607080,210.0,25.0,50.2,5
LC-GP-0819,#586888,220.0,35.3,53.3,5
LC-GP-0820,#586880,216.0,31.2,50.2,5
LC-GP-0821,#587080,204.0,31.2,50.2,5
LC-GP-0822,#588090,197.1,38.9,56.5,5
LC-GP-0823,#6888A8,210.0,38.1,65.9,4
LC-GP-0824,#608098,205.7,36.8,59.6,5
LC-GP-0825,#5080A0,204.0,50.0,62.7,4
LC-GP-0826,#88B0D8,210.0,37.0,84.7,2
LC-GP-0827,#88B0D8,210.0,37.0,84.7,2
LC-GP-0828,#7090B8,213.3,39.1,72.2,4
LC-GP-0829,#4888B0,203.1,59.1,69.0,4
LC-GP-0830,#80C0E0,200.0,42.9,87.8,2
LC-GP-0831,#48B8E0,195.8,67.9,87.8,2
LC-GP-0832,#60B0E8,204.7,58.6,91.0,2
LC-GP-0833,#38A0D0,198.9,73.1,81.6,3
LC-GP-0834,#38B0E8,199.1,75.9,91.0,2
LC-GP-0835,#2898D0,200.0,80.8,81.6,3
LC-GP-0836,#20A0D0,196.4,84.6,81.6,3
LC-GP-0837,#68B8F8,206.7,58.1,97.3,1
LC-GP-0838,#70B0E8,208.0,51.7,91.0,2
LC-GP-0839,#80A8E0,215.0,42.9,87.8,2
LC-GP-0840,#98B8D8,210.0,29.6,84.7,2
LC-GP-0841,#98B8F0,218.2,36.7,94.1,2
LC-GP-0842,#A0C0F0,216.0,33.3,94.1,2
LC-GP-0843,#B0B0E0,240.0,21.4,87.8,2
LC-GP-0844,#A0A0C8,240.0,20.0,78.4,3
LC-GP-0845,#98B8E0,213.3,32.1,87.8,2
LC-GP-0846,#88C0D0,193.3,34.6,81.6,3
LC-GP-0847,#B0B8E0,230.0,21.4,87.8,2
LC-GP-0848,#B8B0D0,255.0,15.4,81.6,3
LC-GP-0849,#D0B8D0,300.0,11.5,81.6,3
LC-GP-0850,#D0B0B8,345.0,15.4,81.6,3
LC-GP-0851,#D0C0C8,330.0,7.7,81.6,3
LC-GP-0852,#C8B8C8,300.0,8.0,78.4,3
LC-GP-0853,#D8C0C0,0.0,11.1,84.7,2
LC-GP-0854,#C8B0B0,0.0,12.0,78.4,3
LC-GP-0855,#C8C0C8,300.0,4.0,78.4,3
LC-GP-0856,#B8B0A8,30.0,8.7,72.2,4
LC-GP-0857,#D0B8B8,0.0,11.5,81.6,3
LC-GP-0858,#C0B8C0,300.0,4.2,75.3,3
LC-GP-0859,#B0A8A8,0.0,4.5,69.0,4
LC-GP-0860,#B8B0C0,270.0,8.3,75.3,3
LC-GP-0861,#C8C0C8,300.0,4.0,78.4,3
LC-GP-0862,#C0B0C0,300.0,8.3,75.3,3
LC-GP-0863,#B0B0C8,240.0,12.0,78.4,3
LC-GP-0864,#C0B0C0,300.0,8.3,75.3,3
LC-GP-0865,#E8E0E0,0.0,3.4,91.0,2
LC-GP-0866,#F0F0F0,0.0,0.0,94.1,2
LC-GP-0867,#E8E0E8,300.0,3.4,91.0,2
LC-GP-0868,#E0D8E0,300.0,3.6,87.8,2
LC-GP-0869,#E0E8E8,180.0,3.4,91.0,2
LC-GP-0870,#D0D0D8,240.0,3.7,84.7,2
LC-GP-0871,#C8D0D8,210.0,7.4,84.7,2
LC-GP-0872,#D0D0D0,0.0,0.0,81.6,3
LC-GP-0873,#C0D8F0,210.0,20.0,94.1,2
LC-GP-0874,#D0D0E8,240.0,10.3,91.0,2
LC-GP-0875,#A0A8C0,225.0,16.7,75.3,3
LC-GP-0876,#A0A8D0,230.0,23.1,81.6,3
LC-GP-0877,#98A8C0,216.0,20.8,75.3,3
LC-GP-0878,#A0B0D0,220.0,23.1,81.6,3
LC-GP-0879,#A0B0C0,210.0,16.7,75.3,3
LC-GP-0880,#A8C0C0,180.0,12.5,75.3,3
LC-GP-0881,#C0E0E8,192.0,17.2,91.0,2
LC-GP-0882,#D8E0E8,210.0,6.9,91.0,2
LC-GP-0883,#B0C0C8,200.0,12.0,78.4,3
LC-GP-0884,#C8E0E0,180.0,10.7,87.8,2
LC-GP-0885,#C0D8E0,195.0,14.3,87.8,2
LC-GP-0886,#D8F0F0,180.0,10.0,94.1,2
LC-GP-0887,#C0E0E8,192.0,17.2,91.0,2
LC-GP-0888,#B8C8C8,180.0,8.0,78.4,3
LC-GP-0889,#A8E0E0,180.0,25.0,87.8,2
LC-GP-0890,#B8D8F0,205.7,23.3,94.1,2
LC-GP-0891,#A0D8E8,193.3,31.0,91.0,2
LC-GP-0892,#A0C8D8,197.1,25.9,84.7,2
LC-GP-0893,#98B8C0,192.0,20.8,75.3,3
LC-GP-0894,#A0B0B0,180.0,9.1,69.0,4
LC-GP-0895,#A0C0C8,192.0,20.0,78.4,3
LC-GP-0896,#A8C0B8,160.0,12.5,75.3,3
LC-GP-0897,#C8B8B0,20.0,12.0,78.4,3
LC-GP-0898,#D8D8C0,60.0,11.1,84.7,2
LC-GP-0899,#D8D0B8,45.0,14.8,84.7,2
LC-GP-0900,#C0C0A8,60.0,12.5,75.3,3
LC-GP-0901,#D0C098,42.9,26.9,81.6,3
LC-GP-0902,#C0C8A0,72.0,20.0,78.4,3
LC-GP-0903,#B8B098,45.0,17.4,72.2,4
LC-GP-0904,#B8C0B0,90.0,8.3,75.3,3
LC-GP-0905,#A8C0B0,140.0,12.5,75.3,3
LC-GP-0906,#A0B0A0,120.0,9.1,69.0,4
LC-GP-0907,#A8C0A8,120.0,12.5,75.3,3
LC-GP-0908,#98A880,84.0,23.8,65.9,4
LC-GP-0909,#A8C0A0,105.0,16.7,75.3,3
LC-GP-0910,#88A088,120.0,15.0,62.7,4
LC-GP-0911,#889088,120.0,5.6,56.5,5
LC-GP-0912,#90A0A8,200.0,14.3,65.9,4
LC-GP-0913,#70F860,113.7,61.3,97.3,1
LC-GP-0914,#60F058,116.8,63.3,94.1,2
LC-GP-0915,#60F078,130.0,60.0,94.1,2
LC-GP-0916,#40F870,135.7,74.2,97.3,1
LC-GP-0917,#00E848,138.6,100.0,91.0,2
LC-GP-0918,#B0E060,82.5,57.1,87.8,2
LC-GP-0919,#D8F868,73.3,58.1,97.3,1
LC-GP-0920,#C0E898,90.0,34.5,91.0,2
LC-GP-0921,#A8E098,106.7,32.1,87.8,2
LC-GP-0922,#B0D898,97.5,29.6,84.7,2
LC-GP-0923,#B0D888,90.0,37.0,84.7,2
LC-GP-0924,#A8E098,106.7,32.1,87.8,2
LC-GP-0925,#C0E0A0,90.0,28.6,87.8,2
LC-GP-0926,#D0E8B8,90.0,20.7,91.0,2
LC-GP-0927,#D0F0A0,84.0,33.3,94.1,2
LC-GP-0928,#B8F0B8,120.0,23.3,94.1,2
LC-GP-0929,#90C8D0,187.5,30.8,81.6,3
LC-GP-0930,#90C8C8,180.0,28.0,78.4,3
LC-GP-0931,#80B8B8,180.0,30.4,72.2,4
LC-GP-0932,#80D0D8,185.5,40.7,84.7,2
LC-GP-0933,#98E0D8,173.3,32.1,87.8,2
LC-GP-0934,#A8D8D0,170.0,22.2,84.7,2
LC-GP-0935,#B0D8D8,180.0,18.5,84.7,2
LC-GP-0936,#C0E0D8,165.0,14.3,87.8,2
LC-GP-0937,#B0E8D0,154.3,24.1,91.0,2
LC-GP-0938,#C0E8C8,132.0,17.2,91.0,2
LC-GP-0939,#B0E0C0,140.0,21.4,87.8,2
LC-GP-0940,#98E0D0,166.7,32.1,87.8,2
LC-GP-0941,#90E0D8,174.0,35.7,87.8,2
LC-GP-0942,#88E0D0,169.1,39.3,87.8,2
LC-GP-0943,#98D8C8,165.0,29.6,84.7,2
LC-GP-0944,#78D8C8,170.0,44.4,84.7,2
LC-GP-0945,#60E0B8,161.2,57.1,87.8,2
LC-GP-0946,#60E0C8,168.8,57.1,87.8,2
LC-GP-0947,#48E8A8,156.0,69.0,91.0,2
LC-GP-0948,#60D8A8,156.0,55.6,84.7,2
LC-GP-0949,#68D0B0,161.5,50.0,81.6,3
LC-GP-0950,#18D0B0,169.6,88.5,81.6,3
LC-GP-0951,#00A8A0,177.1,100.0,65.9,4
LC-GP-0952,#58A888,156.0,47.6,65.9,4
LC-GP-0953,#20A888,165.9,81.0,65.9,4
LC-GP-0954,#089878,166.7,94.7,59.6,5
LC-GP-0955,#108068,167.1,87.5,50.2,5
LC-GP-0956,#184848,180.0,66.7,28.2,7
LC-GP-0957,#187878,180.0,80.0,47.1,6
LC-GP-0958,#087890,190.6,94.4,56.5,5
LC-GP-0959,#10B8A8,174.3,91.3,72.2,4
LC-GP-0960,#10B0B8,182.9,91.3,72.2,4
LC-GP-0961,#207888,189.2,76.5,53.3,5
LC-GP-0962,#207860,163.6,73.3,47.1,6
LC-GP-0963,#008048,153.8,100.0,50.2,5
LC-GP-0964,#009058,156.7,100.0,56.5,5
LC-GP-0965,#00B870,156.5,100.0,72.2,4
LC-GP-0966,#085848,168.0,90.9,34.5,7
LC-GP-0967,#204020,120.0,50.0,25.1,8
LC-GP-0968,#204820,120.0,55.6,28.2,7
LC-GP-0969,#184028,144.0,62.5,25.1,8
LC-GP-0970,#182820,150.0,40.0,15.7,9
LC-GP-0971,#183020,140.0,50.0,18.8,8
LC-GP-0972,#203028,150.0,33.3,18.8,8
LC-GP-0973,#183028,160.0,50.0,18.8,8
LC-GP-0974,#203828,140.0,42.9,22.0,8
LC-GP-0975,#486050,140.0,25.0,37.6,7
LC-GP-0976,#506050,120.0,16.7,37.6,7
LC-GP-0977,#405030,90.0,40.0,31.4,7
LC-GP-0978,#485020,70.0,60.0,31.4,7
LC-GP-0979,#585838,60.0,36.4,34.5,7
LC-GP-0980,#485030,75.0,40.0,31.4,7
LC-GP-0981,#486030,90.0,50.0,37.6,7
LC-GP-0982,#587850,108.0,33.3,47.1,6
LC-GP-0983,#608850,102.9,41.2,53.3,5
LC-GP-0984,#587828,84.0,66.7,47.1,6
LC-GP-0985,#506828,82.5,61.5,40.8,6
LC-GP-0986,#708830,76.4,64.7,53.3,5
LC-GP-0987,#788828,70.0,70.6,53.3,5
LC-GP-0988,#98A820,67.1,81.0,65.9,4
LC-GP-0989,#88B050,85.0,54.5,69.0,4
LC-GP-0990,#80A858,90.0,47.6,65.9,4
LC-GP-0991,#A0B070,75.0,36.4,69.0,4
LC-GP-0992,#70C090,144.0,41.7,75.3,3
LC-GP-0993,#98B888,100.0,26.1,72.2,4
LC-GP-0994,#808860,72.0,29.4,53.3,5
LC-GP-0995,#788060,75.0,25.0,50.2,5
LC-GP-0996,#889870,84.0,26.3,59.6,5
LC-GP-0997,#988860,42.9,36.8,59.6,5
LC-GP-0998,#909058,60.0,38.9,56.5,5
LC-GP-0999,#889070,75.0,22.2,56.5,5
LC-GP-1000,#889850,73.3,47.4,59.6,5
LC-GP-1001,#98A840,69.2,61.9,65.9,4
LC-GP-1002,#A09838,55.4,65.0,62.7,4
LC-GP-1003,#B8A040,48.0,65.2,72.2,4
LC-GP-1004,#B8C058,64.6,54.2,75.3,3
LC-GP-1005,#B0A858,54.5,50.0,69.0,4
LC-GP-1006,#C0B838,56.5,70.8,75.3,3
LC-GP-1007,#D8D870,60.0,48.1,84.7,2
LC-GP-1008,#D0D088,60.0,34.6,81.6,3
LC-GP-1009,#F8F0C8,50.0,19.4,97.3,1
LC-GP-1010,#E8F0A0,66.0,33.3,94.1,2
LC-GP-1011,#E0E8A8,67.5,27.6,91.0,2
LC-GP-1012,#F0F0A0,60.0,33.3,94.1,2
LC-GP-1013,#F0F098,60.0,36.7,94.1,2
LC-GP-1014,#F8E880,52.0,48.4,97.3,1
LC-GP-1015,#F0E870,56.2,53.3,94.1,2
LC-GP-1016,#F8F038,57.5,77.4,97.3,1
LC-GP-1017,#E8E830,60.0,79.3,91.0,2
LC-GP-1018,#F8F040,57.4,74.2,97.3,1
LC-GP-1019,#F8E878,52.5,51.6,97.3,1
LC-GP-1020,#F8D030,48.0,80.6,97.3,1
LC-GP-1021,#F8D838,50.0,77.4,97.3,1
LC-GP-1022,#D8C828,54.5,81.5,84.7,2
LC-GP-1023,#F8D800,52.3,100.0,97.3,1
LC-GP-1024,#F8D000,50.3,100.0,97.3,1
LC-GP-1025,#F8E080,48.0,48.4,97.3,1
LC-GP-1026,#F0E078,52.0,50.0,94.1,2
LC-GP-1027,#F8D888,42.9,45.2,97.3,1
LC-GP-1028,#F8D080,40.0,48.4,97.3,1
LC-GP-1029,#F8D888,42.9,45.2,97.3,1
LC-GP-1030,#F8E080,48.0,48.4,97.3,1
LC-GP-1031,#F8D070,42.4,54.8,97.3,1
LC-GP-1032,#F8D068,43.3,58.1,97.3,1
LC-GP-1033,#F8D050,45.7,67.7,97.3,1
LC-GP-1034,#F8C858,42.0,64.5,97.3,1
LC-GP-1035,#F8C038,42.5,77.4,97.3,1
LC-GP-1036,#F8C840,44.3,74.2,97.3,1
LC-GP-1037,#F8D040,47.0,74.2,97.3,1
LC-GP-1038,#F8D030,48.0,80.6,97.3,1
LC-GP-1039,#F8B828,41.5,83.9,97.3,1
LC-GP-1040,#F8C840,44.3,74.2,97.3,1
LC-GP-1041,#F8A040,31.3,74.2,97.3,1
LC-GP-1042,#F8B050,34.3,67.7,97.3,1
LC-GP-1043,#F8B048,35.5,71.0,97.3,1
LC-GP-1044,#F88808,32.0,96.8,97.3,1
LC-GP-1045,#F8A040,31.3,74.2,97.3,1
LC-GP-1046,#F8A048,30.0,71.0,97.3,1
LC-GP-1047,#F8A848,32.7,71.0,97.3,1
LC-GP-1048,#F8B070,28.2,54.8,97.3,1
LC-GP-1049,#F8B880,28.0,48.4,97.3,1
LC-GP-1050,#F8C898,30.0,38.7,97.3,1
LC-GP-1051,#F8D098,35.0,38.7,97.3,1
LC-GP-1052,#F8C880,36.0,48.4,97.3,1
LC-GP-1053,#E8C088,35.0,41.4,91.0,2
LC-GP-1054,#F0B050,36.0,66.7,94.1,2
LC-GP-1055,#F8B058,33.0,64.5,97.3,1
LC-GP-1056,#F8A850,31.4,67.7,97.3,1
LC-GP-1057,#F8A070,21.2,54.8,97.3,1
LC-GP-1058,#F89878,15.0,51.6,97.3,1
LC-GP-1059,#F89870,17.6,54.8,97.3,1
LC-GP-1060,#F8A070,21.2,54.8,97.3,1
LC-GP-1061,#F89870,17.6,54.8,97.3,1
LC-GP-1062,#F8A068,23.3,58.1,97.3,1
LC-GP-1063,#F8A870,24.7,54.8,97.3,1
LC-GP-1064,#F88860,15.8,61.3,97.3,1
LC-GP-1065,#F88858,18.0,64.5,97.3,1
LC-GP-1066,#F89058,21.0,64.5,97.3,1
LC-GP-1067,#F88040,20.9,74.2,97.3,1
LC-GP-1068,#F88840,23.5,74.2,97.3,1
LC-GP-1069,#F87038,17.5,77.4,97.3,1
LC-GP-1070,#E86830,18.3,79.3,91.0,2
LC-GP-1071,#F07038,18.3,76.7,94.1,2
LC-GP-1072,#E06848,12.6,67.9,87.8,2
LC-GP-1073,#E86048,9.0,69.0,91.0,2
LC-GP-1074,#F86038,12.5,77.4,97.3,1
LC-GP-1075,#F85038,7.5,77.4,97.3,1
LC-GP-1076,#F86838,15.0,77.4,97.3,1
LC-GP-1077,#E85848,6.0,69.0,91.0,2
LC-GP-1078,#E04030,5.5,78.6,87.8,2
LC-GP-1079,#F04040,0.0,73.3,94.1,2
LC-GP-1080,#F04840,2.7,73.3,94.1,2
LC-GP-1081,#E03028,2.6,82.1,87.8,2
LC-GP-1082,#D04838,6.3,73.1,81.6,3
LC-GP-1083,#D83028,2.7,81.5,84.7,2
LC-GP-1084,#F03030,0.0,80.0,94.1,2
LC-GP-1085,#D82028,357.4,85.2,84.7,2
LC-GP-1086,#F83030,0.0,80.6,97.3,1
LC-GP-1087,#F84858,354.5,71.0,97.3,1
LC-GP-1088,#F84060,349.6,74.2,97.3,1
LC-GP-1089,#E83020,4.8,86.2,91.0,2
LC-GP-1090,#E84040,0.0,72.4,91.0,2
LC-GP-1091,#F83828,4.6,83.9,97.3,1
LC-GP-1092,#F04028,7.2,83.3,94.1,2
LC-GP-1093,#F85038,7.5,77.4,97.3,1
LC-GP-1094,#F85050,0.0,67.7,97.3,1
LC-GP-1095,#F87058,9.0,64.5,97.3,1
LC-GP-1096,#F87880,356.2,51.6,97.3,1
LC-GP-1097,#F88890,355.7,45.2,97.3,1
LC-GP-1098,#F89090,0.0,41.9,97.3,1
LC-GP-1099,#F89888,8.6,45.2,97.3,1
LC-GP-1100,#F85838,10.0,77.4,97.3,1
LC-GP-1101,#F84838,5.0,77.4,97.3,1
LC-GP-1102,#F83818,8.6,90.3,97.3,1
LC-GP-1103,#F88048,19.1,71.0,97.3,1
LC-GP-1104,#F87038,17.5,77.4,97.3,1
LC-GP-1105,#F87040,15.7,74.2,97.3,1
LC-GP-1106,#F87040,15.7,74.2,97.3,1
LC-GP-1107,#F87840,18.3,74.2,97.3,1
LC-GP-1108,#F06828,19.2,83.3,94.1,2
LC-GP-1109,#F87048,13.6,71.0,97.3,1
LC-GP-1110,#E85828,15.0,82.8,91.0,2
LC-GP-1111,#F05838,10.4,76.7,94.1,2
LC-GP-1112,#E86028,17.5,82.8,91.0,2
LC-GP-1113,#E86828,20.0,82.8,91.0,2
LC-GP-1114,#D86030,17.1,77.8,84.7,2
LC-GP-1115,#F07020,23.1,86.7,94.1,2
LC-GP-1116,#E87040,17.1,72.4,91.0,2
LC-GP-1117,#E87840,20.0,72.4,91.0,2
LC-GP-1118,#F05830,12.5,80.0,94.1,2
LC-GP-1119,#F05830,12.5,80.0,94.1,2
LC-GP-1120,#E05028,13.0,82.1,87.8,2
