SL_Code,Target_HEX,Mixed_HEX,Delta_E,S1,S8,S2,S4,S5,S19,S7,S9,S10,S11,S12,S14,S15
SL0001,#181818,#DCDEDD,79.79,19,0,1,0,0,0,0,0,0,0,0,0,0
SL0002,#F0F0F0,#DCDEDD,6.77,19,0,1,0,0,0,0,0,0,0,0,0,0
SL0003,#F8E8F0,#CFC4CD,13.54,17,0,0,0,0,0,0,0,3,0,0,0,0
SL0004,#F8E8E8,#DCD0CE,9.37,17,0,0,0,0,0,0,0,1,0,0,0,1
SL0005,#F0C8D8,#C9ACBA,11.92,14,0,0,0,0,0,0,0,4,0,0,0,1
SL0006,#E8C8D0,#D1B1B7,8.65,15,0,0,0,0,0,0,0,3,0,0,0,2
SL0007,#F8C0D8,#C59AAB,16.3,13,0,0,0,0,0,0,0,5,0,0,0,2
SL0008,#F8C8D8,#CBA5B1,14.28,14,0,0,0,0,0,0,0,4,0,0,0,2
SL0009,#F8C0C8,#D1A4A9,12.01,13,0,0,0,0,0,0,0,3,0,0,0,3
SL0010,#F8C8D8,#CBA5B1,14.28,14,0,0,0,0,0,0,0,4,0,0,0,2
SL0011,#F8C0E8,#CEA1C0,13.99,12,0,4,0,0,0,0,4,0,0,0,0,0
SL0012,#F8E0F0,#D7C4D0,10.99,16,0,2,0,0,0,0,2,0,0,0,0,0
SL0013,#F8C8E0,#C5A3B6,16.01,14,0,0,0,0,0,0,0,5,0,0,0,1
SL0014,#F8B8C8,#C6909F,15.91,12,0,0,0,0,0,0,0,5,0,0,0,3
SL0015,#F8B0D0,#BE89A1,18.17,11,0,0,0,0,0,0,0,6,0,0,0,2
SL0016,#F8B0C8,#C08599,17.83,11,0,0,0,0,0,0,0,6,0,0,0,3
SL0017,#F8C8D0,#D2A7AC,12.71,14,0,0,0,0,0,0,0,3,0,0,0,3
SL0018,#F8D0C8,#DEBEB8,7.99,16,0,0,0,0,0,0,0,1,0,0,0,3
SL0019,#F8B0B0,#D49495,11.47,12,0,0,0,0,0,0,0,3,0,0,0,5
SL0020,#F8C0C8,#D1A4A9,12.01,13,0,0,0,0,0,0,0,3,0,0,0,3
SL0021,#F0C0C8,#D2A7AC,9.94,14,0,0,0,0,0,0,0,3,0,0,0,3
SL0022,#F0B8C0,#CC9CA6,11.49,13,0,0,0,0,0,0,0,4,0,0,0,3
SL0023,#F8B0B8,#CD929A,13.05,12,0,0,0,0,0,0,0,4,0,0,0,4
SL0024,#F8C0B0,#E5B4A5,5.62,14,0,0,0,0,0,0,0,0,0,0,0,5
SL0025,#F8C0C8,#D1A4A9,12.01,13,0,0,0,0,0,0,0,3,0,0,0,3
SL0026,#F8C0C0,#D9A9A7,9.83,14,0,0,0,0,0,0,0,2,0,0,0,4
SL0027,#F8B0B8,#CD929A,13.05,12,0,0,0,0,0,0,0,4,0,0,0,4
SL0028,#E8B0B0,#D8A6A4,5.01,13,0,0,0,0,0,0,0,2,0,0,0,4
SL0029,#F8C0E0,#BF98B0,18.04,13,0,0,0,0,0,0,0,6,0,0,0,1
SL0030,#E8A0C0,#BA839E,14.31,11,0,0,0,0,0,0,0,7,0,0,0,2
SL0031,#F0A0B8,#C08599,14.43,11,0,0,0,0,0,0,0,6,0,0,0,3
SL0032,#F8A8C8,#BC7E97,18.78,11,0,0,0,0,0,0,0,7,0,0,0,3
SL0033,#F8B8B8,#D39EA1,11.63,13,0,0,0,0,0,0,0,3,0,0,0,4
SL0034,#E8B0B8,#CC9CA6,8.75,13,0,0,0,0,0,0,0,4,0,0,0,3
SL0035,#F8B0B8,#CD929A,13.05,12,0,0,0,0,0,0,0,4,0,0,0,4
SL0036,#F8A8B0,#CE898F,13.33,11,0,0,0,0,0,0,0,4,0,0,0,5
SL0037,#F8B8C0,#CE969E,13.58,13,0,0,0,0,0,0,0,4,0,0,0,4
SL0038,#F8A0B0,#C87D89,14.97,10,0,0,0,0,0,0,0,5,0,0,0,5
SL0039,#F0A0B8,#C08599,14.43,11,0,0,0,0,0,0,0,6,0,0,0,3
SL0040,#F8A8C8,#BC7E97,18.78,11,0,0,0,0,0,0,0,7,0,0,0,3
SL0041,#F8A0B8,#C17B8E,16.87,10,0,0,0,0,0,0,0,6,0,0,0,4
SL0042,#F0A8B8,#C88B98,12.51,12,0,0,0,0,0,0,0,5,0,0,0,4
SL0043,#E898A8,#C78794,9.96,11,0,0,0,0,0,0,0,5,0,0,0,4
SL0044,#E890A0,#C87D89,9.8,10,0,0,0,0,0,0,0,5,0,0,0,5
SL0045,#E898A8,#C78794,9.96,11,0,0,0,0,0,0,0,5,0,0,0,4
SL0046,#E8A0C0,#BA839E,14.31,11,0,0,0,0,0,0,0,7,0,0,0,2
SL0047,#F090B8,#B56E8D,18.5,9,0,0,0,0,0,0,0,8,0,0,0,3
SL0048,#E898B0,#C17B8E,12.51,10,0,0,0,0,0,0,0,6,0,0,0,4
SL0049,#E0A8B8,#C894A2,8.1,13,0,0,0,0,0,0,0,5,0,0,0,3
SL0050,#D8A8B8,#C59AAB,6.08,13,0,0,0,0,0,0,0,5,0,0,0,2
SL0051,#F0A8D0,#BA839E,17.85,11,0,0,0,0,0,0,0,7,0,0,0,2
SL0052,#F088B0,#B66482,18.55,8,0,0,0,0,0,0,0,8,0,0,0,4
SL0053,#F888A8,#BC667D,18.53,8,0,0,0,0,0,0,0,7,0,0,0,5
SL0054,#F890B0,#BB7088,18.62,9,0,0,0,0,0,0,0,7,0,0,0,4
SL0055,#F090A8,#C27283,14.45,9,0,0,0,0,0,0,0,6,0,0,0,5
SL0056,#F898A8,#C87D89,14.46,10,0,0,0,0,0,0,0,5,0,0,0,5
SL0057,#F898A8,#C87D89,14.46,10,0,0,0,0,0,0,0,5,0,0,0,5
SL0058,#F0A8B8,#C88B98,12.51,12,0,0,0,0,0,0,0,5,0,0,0,4
SL0059,#F8B0C0,#C88B98,15.22,12,0,0,0,0,0,0,0,5,0,0,0,4
SL0060,#F888A8,#BC667D,18.53,8,0,0,0,0,0,0,0,7,0,0,0,5
SL0061,#F8A8A8,#D58F8E,10.69,12,0,0,0,0,0,0,0,3,0,0,0,6
SL0062,#F0A8A0,#DA9690,7.09,12,0,0,0,0,0,0,0,2,0,0,0,6
SL0063,#F09890,#DB8D85,6.35,11,0,0,0,0,0,0,0,2,0,0,0,7
SL0064,#F09090,#D5817F,8.13,10,0,0,0,0,0,0,0,3,0,0,0,7
SL0065,#D88098,#BB7088,8.9,9,0,0,0,0,0,0,0,7,0,0,0,4
SL0066,#C06878,#C36878,1.59,8,0,0,0,0,0,0,0,6,0,0,0,6
SL0067,#C06878,#C36878,1.59,8,0,0,0,0,0,0,0,6,0,0,0,6
SL0068,#C87880,#CA7982,0.79,10,0,0,0,0,0,0,0,5,0,0,0,6
SL0069,#E88898,#C77884,10.41,9,0,0,0,0,0,0,0,5,0,0,0,5
SL0070,#E87880,#CA6A73,9.75,8,0,0,0,0,0,0,0,5,0,0,0,7
SL0071,#F88098,#BF6377,17.69,8,0,0,0,0,0,0,0,7,0,0,0,6
SL0072,#F87890,#BD5D71,18.15,7,0,0,0,0,0,0,0,7,0,0,0,6
SL0073,#F88090,#C56572,15.43,8,0,0,0,0,0,0,0,6,0,0,0,7
SL0074,#F87080,#C55561,15.71,6,0,0,0,0,0,0,0,6,0,0,0,8
SL0075,#F06878,#C55561,13.67,6,0,0,0,0,0,0,0,6,0,0,0,8
SL0076,#E87078,#CB6167,9.11,7,0,0,0,0,0,0,0,5,0,0,0,8
SL0077,#F08890,#CB7078,11.49,9,0,0,0,0,0,0,0,5,0,0,0,7
SL0078,#F07878,#D06C6E,10.57,8,0,0,0,0,0,0,0,4,0,0,0,8
SL0079,#F08878,#E3806F,4.18,9,0,0,0,0,0,0,0,1,0,0,0,9
SL0080,#F86860,#D95C52,10.01,6,0,0,0,0,0,0,0,3,0,0,0,11
SL0081,#D86878,#C45F6C,6.52,7,0,0,0,0,0,0,0,6,0,0,0,7
SL0082,#F07080,#C45F6C,14.33,7,0,0,0,0,0,0,0,6,0,0,0,7
SL0083,#F88088,#CA6A73,14.58,8,0,0,0,0,0,0,0,5,0,0,0,7
SL0084,#F87888,#C45F6C,16.21,7,0,0,0,0,0,0,0,6,0,0,0,7
SL0085,#E85868,#C14857,12.32,5,0,0,0,0,0,0,0,7,0,0,0,9
SL0086,#D83838,#CD3232,3.61,2,0,0,0,0,0,0,0,5,0,0,0,12
SL0087,#E87080,#C45F6C,11.39,7,0,0,0,0,0,0,0,6,0,0,0,7
SL0088,#D06880,#BD5D71,6.01,7,0,0,0,0,0,0,0,7,0,0,0,6
SL0089,#E86080,#B84860,14.79,5,0,0,0,0,0,0,0,8,0,0,0,7
SL0090,#E86890,#B14F70,17.5,6,0,0,0,0,0,0,0,9,0,0,0,5
SL0091,#D05078,#B14665,10.27,5,0,0,0,0,0,0,0,9,0,0,0,6
SL0092,#C84870,#AC3A5F,9.14,4,0,0,0,0,0,0,0,10,0,0,0,6
SL0093,#E85870,#BF4A5B,13.47,5,0,0,0,0,0,0,0,7,0,0,0,8
SL0094,#E85868,#C14857,12.32,5,0,0,0,0,0,0,0,7,0,0,0,9
SL0095,#D06880,#BD5D71,6.01,7,0,0,0,0,0,0,0,7,0,0,0,6
SL0096,#C03860,#AC3154,6.57,3,0,0,0,0,0,0,0,10,0,0,0,7
SL0097,#C85868,#BE5366,3.81,6,0,0,0,0,0,0,0,7,0,0,0,7
SL0098,#C04058,#B93E55,2.38,4,0,0,0,0,0,0,0,8,0,0,0,8
SL0099,#B04860,#B84860,3.82,5,0,0,0,0,0,0,0,8,0,0,0,7
SL0100,#C04058,#B93E55,2.38,4,0,0,0,0,0,0,0,8,0,0,0,8
SL0101,#C83050,#B12947,8.05,2,0,0,0,0,0,0,0,9,0,0,0,8
SL0102,#B83048,#B6324B,1.85,3,0,0,0,0,0,0,0,9,0,0,0,9
SL0103,#C02838,#BD2B3B,2.77,2,0,0,0,0,0,0,0,8,0,0,0,11
SL0104,#C02038,#B52038,5.42,1,0,0,0,0,0,0,0,9,0,0,0,10
SL0105,#C02040,#AE1E3D,7.07,1,0,0,0,0,0,0,0,10,0,0,0,9
SL0106,#C02840,#B72940,4.6,2,0,0,0,0,0,0,0,9,0,0,0,10
SL0107,#C02848,#B12745,6.12,2,0,0,0,0,0,0,0,10,0,0,0,9
SL0108,#D03858,#B3334F,10.21,3,0,0,0,0,0,0,0,9,0,0,0,8
SL0109,#D01040,#A00C31,17.31,0,0,0,0,0,0,6,0,8,0,0,0,6
SL0110,#B01828,#BC1928,5.36,0,0,0,0,0,0,0,0,8,0,0,0,12
SL0111,#C02030,#BC2233,3.56,1,0,0,0,0,0,0,0,8,0,0,0,11
SL0112,#C02030,#BC2233,3.56,1,0,0,0,0,0,0,0,8,0,0,0,11
SL0113,#B03038,#C73940,7.94,3,0,0,0,0,0,0,0,6,0,0,0,11
SL0114,#A02830,#C12E39,12.32,2,0,0,0,0,0,0,0,7,0,0,0,11
SL0115,#A02838,#BB2C3E,10.08,2,0,0,0,0,0,0,0,8,0,0,0,10
SL0116,#901020,#B51428,14.53,0,0,0,0,0,0,3,0,7,0,0,0,10
SL0117,#882030,#BB2C3E,18.61,2,0,0,0,0,0,0,0,8,0,0,0,10
SL0118,#981830,#B11E3A,8.71,1,0,0,0,0,0,0,0,10,0,0,0,10
SL0119,#981820,#C11A25,16.7,0,0,0,0,0,0,0,0,7,0,0,0,12
SL0120,#C81048,#9C0C38,15.69,0,0,0,0,0,0,4,0,10,0,0,0,6
SL0121,#B01010,#BE1211,5.6,0,0,0,0,0,0,11,0,0,0,0,0,9
SL0122,#B01018,#B6101A,1.92,0,0,0,0,0,0,10,0,2,0,0,0,8
SL0123,#901820,#C2242E,18.13,1,0,0,0,0,0,0,0,7,0,0,0,12
SL0124,#581828,#B03050,31.46,3,0,0,0,0,0,0,0,10,0,0,0,8
SL0125,#501820,#BA354A,38.66,3,0,0,0,0,0,0,0,8,0,0,0,9
SL0126,#B01820,#C31B23,7.39,0,0,0,0,0,0,0,0,7,0,0,0,13
SL0127,#C01820,#BE1721,1.27,0,0,0,0,0,0,3,0,6,0,0,0,12
SL0128,#C81820,#BE171F,4.37,0,0,0,0,0,0,4,0,5,0,0,0,11
SL0129,#F02850,#AE1E3D,23.46,1,0,0,0,0,0,0,0,10,0,0,0,9
SL0130,#F03028,#D02824,12.41,1,0,0,0,0,0,0,0,5,0,0,0,14
SL0131,#F84050,#C12E39,17.54,2,0,0,0,0,0,0,0,7,0,0,0,11
SL0132,#E82830,#C5242C,14.17,1,0,0,0,0,0,0,0,7,0,0,0,13
SL0133,#E02828,#CB2627,9.04,1,0,0,0,0,0,0,0,6,0,0,0,14
SL0134,#C82838,#BC2233,4.21,1,0,0,0,0,0,0,0,8,0,0,0,11
SL0135,#C82818,#DD2C1A,8.08,1,0,0,0,0,0,0,0,3,0,0,0,16
SL0136,#E82840,#BC2233,16.0,1,0,0,0,0,0,0,0,8,0,0,0,11
SL0137,#C81818,#C21718,2.88,0,0,0,0,0,0,6,0,3,0,0,0,11
SL0138,#D82828,#CB2627,5.63,1,0,0,0,0,0,0,0,6,0,0,0,14
SL0139,#D01818,#C41715,4.55,0,0,0,0,0,0,7,0,2,0,0,0,11
SL0140,#D01010,#BE1211,7.75,0,0,0,0,0,0,11,0,0,0,0,0,9
SL0141,#C81828,#BA1726,5.89,0,0,0,0,0,0,2,0,7,0,0,0,11
SL0142,#C01820,#BE1721,1.27,0,0,0,0,0,0,3,0,6,0,0,0,12
SL0143,#C81828,#BA1726,5.89,0,0,0,0,0,0,2,0,7,0,0,0,11
SL0144,#C01828,#BC1826,1.7,0,0,0,0,0,0,1,0,7,0,0,0,11
SL0145,#C81820,#BE171F,4.37,0,0,0,0,0,0,4,0,5,0,0,0,11
SL0146,#D81810,#C8170E,6.31,0,0,0,0,0,0,9,0,0,0,0,0,11
SL0147,#C82018,#D2221C,3.07,0,0,1,0,0,0,0,0,4,0,0,0,15
SL0148,#C81820,#BE171F,4.37,0,0,0,0,0,0,4,0,5,0,0,0,11
SL0149,#D81008,#C8170E,8.06,0,0,0,0,0,0,9,0,0,0,0,0,11
SL0150,#D01018,#B50E14,10.77,0,0,0,0,0,0,13,0,0,0,0,0,7
SL0151,#D01010,#BE1211,7.75,0,0,0,0,0,0,11,0,0,0,0,0,9
SL0152,#C82038,#B82036,6.73,1,0,0,0,0,0,0,0,9,0,0,0,11
SL0153,#C01018,#B30E18,5.65,0,0,0,0,0,0,12,0,1,0,0,0,7
SL0154,#C81018,#B50E14,7.46,0,0,0,0,0,0,13,0,0,0,0,0,7
SL0155,#B80810,#B50E14,3.17,0,0,0,0,0,0,13,0,0,0,0,0,7
SL0156,#C81828,#BA1726,5.89,0,0,0,0,0,0,2,0,7,0,0,0,11
SL0157,#C81820,#BE171F,4.37,0,0,0,0,0,0,4,0,5,0,0,0,11
SL0158,#C81818,#C21718,2.88,0,0,0,0,0,0,6,0,3,0,0,0,11
SL0159,#C01818,#C4191A,1.41,0,0,0,0,0,0,4,0,4,0,0,0,12
SL0160,#D81810,#C8170E,6.31,0,0,0,0,0,0,9,0,0,0,0,0,11
SL0161,#C81820,#BE171F,4.37,0,0,0,0,0,0,4,0,5,0,0,0,11
SL0162,#C81820,#BE171F,4.37,0,0,0,0,0,0,4,0,5,0,0,0,11
SL0163,#B01818,#C71B1C,8.81,0,0,0,0,0,0,2,0,5,0,0,0,13
SL0164,#D02030,#BC1928,6.46,0,0,0,0,0,0,0,0,8,0,0,0,12
SL0165,#C81828,#BA1726,5.89,0,0,0,0,0,0,2,0,7,0,0,0,11
SL0166,#A01820,#C31B23,14.56,0,0,0,0,0,0,0,0,7,0,0,0,13
SL0167,#B01820,#C31B23,7.39,0,0,0,0,0,0,0,0,7,0,0,0,13
SL0168,#B01810,#CD1B14,10.79,0,0,0,0,0,0,4,0,3,0,0,0,14
SL0169,#882028,#C12E39,20.83,2,0,0,0,0,0,0,0,7,0,0,0,11
SL0170,#A81828,#BA182A,7.09,0,0,0,0,0,0,0,0,8,0,0,0,11
SL0171,#B01828,#BC1928,5.36,0,0,0,0,0,0,0,0,8,0,0,0,12
SL0172,#A81028,#AC102B,1.14,0,0,0,0,0,0,5,0,7,0,0,0,8
SL0173,#982030,#BB2C3E,11.5,2,0,0,0,0,0,0,0,8,0,0,0,10
SL0174,#901828,#B82036,14.03,1,0,0,0,0,0,0,0,9,0,0,0,11
SL0175,#701828,#B42943,24.37,2,0,0,0,0,0,0,0,9,0,0,0,9
SL0176,#901830,#AE1E3D,10.69,1,0,0,0,0,0,0,0,10,0,0,0,9
SL0177,#701818,#CE2826,37.49,1,0,0,0,0,0,0,0,5,0,0,0,13
SL0178,#781028,#A81237,18.46,0,0,0,0,0,0,0,0,11,0,0,0,9
SL0179,#401010,#CF322F,56.95,2,0,0,0,0,0,0,0,5,0,0,0,13
SL0180,#802038,#AD2748,16.78,2,0,0,0,0,0,0,0,10,0,0,0,8
SL0181,#782828,#CD4546,30.01,4,0,0,0,0,0,0,0,5,0,0,0,11
SL0182,#601828,#B12947,29.74,2,0,0,0,0,0,0,0,9,0,0,0,8
SL0183,#681820,#C12E39,33.5,2,0,0,0,0,0,0,0,7,0,0,0,11
SL0184,#601818,#CF322F,43.02,2,0,0,0,0,0,0,0,5,0,0,0,13
SL0185,#582030,#AF3D5F,30.47,4,0,0,0,0,0,0,0,9,0,0,0,6
SL0186,#602020,#CD4546,39.16,4,0,0,0,0,0,0,0,5,0,0,0,11
SL0187,#681830,#A7254D,22.67,2,0,0,0,0,0,0,0,11,0,0,0,7
SL0188,#602020,#CD4546,39.16,4,0,0,0,0,0,0,0,5,0,0,0,11
SL0189,#601828,#B12947,29.74,2,0,0,0,0,0,0,0,9,0,0,0,8
SL0190,#702018,#DB3F31,40.11,3,0,0,0,0,0,0,0,3,0,0,0,14
SL0191,#800838,#8F0842,5.72,0,0,0,0,0,0,4,0,12,0,0,0,4
SL0192,#582030,#AF3D5F,30.47,4,0,0,0,0,0,0,0,9,0,0,0,6
SL0193,#782020,#CE3B3B,30.42,3,0,0,0,0,0,0,0,5,0,0,0,12
SL0194,#902028,#C12E39,17.23,2,0,0,0,0,0,0,0,7,0,0,0,11
SL0195,#A01018,#B8121B,9.62,0,0,0,0,0,0,8,0,3,0,0,0,9
SL0196,#981828,#BC2233,12.38,1,0,0,0,0,0,0,0,8,0,0,0,11
SL0197,#981020,#B21226,10.18,0,0,0,0,0,0,5,0,6,0,0,0,9
SL0198,#A81020,#B01024,2.51,0,0,0,0,0,0,7,0,5,0,0,0,8
SL0199,#901020,#B51428,14.53,0,0,0,0,0,0,3,0,7,0,0,0,10
SL0200,#981838,#AB1D3F,6.77,1,0,0,0,0,0,0,0,11,0,0,0,9
SL0201,#B01028,#AC1027,1.35,0,0,0,0,0,0,7,0,6,0,0,0,8
SL0202,#A80820,#A20820,2.35,0,0,0,0,0,0,15,0,2,0,0,0,4
SL0203,#A81020,#B01024,2.51,0,0,0,0,0,0,7,0,5,0,0,0,8
SL0204,#A01018,#B8121B,9.62,0,0,0,0,0,0,8,0,3,0,0,0,9
SL0205,#C80020,#9D041C,17.42,0,0,0,0,0,0,18,0,0,0,0,0,2
SL0206,#B81028,#AB0E25,5.29,0,0,0,0,0,0,8,0,5,0,0,0,7
SL0207,#C81018,#B50E14,7.46,0,0,0,0,0,0,13,0,0,0,0,0,7
SL0208,#D80008,#BA1013,15.33,0,0,0,0,0,0,12,0,0,0,0,0,8
SL0209,#B01028,#AC1027,1.35,0,0,0,0,0,0,7,0,6,0,0,0,8
SL0210,#B81030,#A70E2C,6.84,0,0,0,0,0,0,6,0,7,0,0,0,7
SL0211,#C01840,#A81237,8.27,0,0,0,0,0,0,0,0,11,0,0,0,9
SL0212,#C01828,#BC1826,1.7,0,0,0,0,0,0,1,0,7,0,0,0,11
SL0213,#C81830,#B8172A,5.86,0,0,0,0,0,0,1,0,8,0,0,0,11
SL0214,#B81828,#BC1928,1.78,0,0,0,0,0,0,0,0,8,0,0,0,12
SL0215,#B02828,#CF322F,10.81,2,0,0,0,0,0,0,0,5,0,0,0,13
SL0216,#D83850,#BA354A,11.72,3,0,0,0,0,0,0,0,8,0,0,0,9
SL0217,#F85068,#C04050,18.75,4,0,0,0,0,0,0,0,7,0,0,0,9
SL0218,#F06860,#D95C52,7.14,6,0,0,0,0,0,0,0,3,0,0,0,11
SL0219,#B05040,#E56953,17.44,7,0,0,0,0,0,0,0,1,0,0,0,12
SL0220,#A04048,#C64C56,12.85,5,0,0,0,0,0,0,0,6,0,0,0,9
SL0221,#C85050,#D15250,3.89,5,0,0,0,0,0,0,0,4,0,0,0,10
SL0222,#E05070,#B64059,13.27,4,0,0,0,0,0,0,0,8,0,0,0,7
SL0223,#C06890,#AF6287,6.07,8,0,0,0,0,0,0,0,9,0,0,0,3
SL0224,#E86080,#B84860,14.79,5,0,0,0,0,0,0,0,8,0,0,0,7
SL0225,#C88090,#C17B8E,2.78,10,0,0,0,0,0,0,0,6,0,0,0,4
SL0226,#E890A0,#C87D89,9.8,10,0,0,0,0,0,0,0,5,0,0,0,5
SL0227,#F088A8,#B96983,16.77,8,0,0,0,0,0,0,0,7,0,0,0,4
SL0228,#F08098,#BF6377,15.22,8,0,0,0,0,0,0,0,7,0,0,0,6
SL0229,#E898B8,#BB7993,14.37,10,0,0,0,0,0,0,0,7,0,0,0,3
SL0230,#D888A8,#BB7993,9.5,10,0,0,0,0,0,0,0,7,0,0,0,3
SL0231,#F878A0,#B65B76,20.63,7,0,0,0,0,0,0,0,8,0,0,0,5
SL0232,#F078A0,#B65B76,18.23,7,0,0,0,0,0,0,0,8,0,0,0,5
SL0233,#F888C0,#AF6287,23.93,8,0,0,0,0,0,0,0,9,0,0,0,3
SL0234,#E878B0,#A95780,20.02,7,0,0,0,0,0,0,0,10,0,0,0,3
SL0235,#F890B0,#BB7088,18.62,9,0,0,0,0,0,0,0,7,0,0,0,4
SL0236,#F080A0,#BC667D,16.27,8,0,0,0,0,0,0,0,7,0,0,0,5
SL0237,#E07898,#B8617B,12.43,8,0,0,0,0,0,0,0,8,0,0,0,5
SL0238,#F07898,#B65B76,17.73,7,0,0,0,0,0,0,0,8,0,0,0,5
SL0239,#E07098,#B0597B,15.18,7,0,0,0,0,0,0,0,9,0,0,0,4
SL0240,#E05888,#AB446A,17.28,5,0,0,0,0,0,0,0,10,0,0,0,5
SL0241,#D87098,#B0597B,12.73,7,0,0,0,0,0,0,0,9,0,0,0,4
SL0242,#E84878,#AC3154,19.15,3,0,0,0,0,0,0,0,10,0,0,0,7
SL0243,#E85880,#B14665,17.82,5,0,0,0,0,0,0,0,9,0,0,0,6
SL0244,#F84868,#B7364D,21.77,3,0,0,0,0,0,0,0,8,0,0,0,8
SL0245,#F85068,#C04050,18.75,4,0,0,0,0,0,0,0,7,0,0,0,9
SL0246,#F83868,#AD2748,25.1,2,0,0,0,0,0,0,0,10,0,0,0,8
SL0247,#E01850,#A2103C,22.46,0,0,0,0,0,0,0,0,12,0,0,0,8
SL0248,#F03078,#A02352,27.83,2,0,0,0,0,0,0,0,12,0,0,0,6
SL0249,#F03068,#A7254D,25.88,2,0,0,0,0,0,0,0,11,0,0,0,7
SL0250,#F02860,#A71C42,24.85,1,0,0,0,0,0,0,0,11,0,0,0,8
SL0251,#F85888,#AC3A5F,24.33,4,0,0,0,0,0,0,0,10,0,0,0,6
SL0252,#F03088,#992157,30.11,2,0,0,0,0,0,0,0,13,0,0,0,5
SL0253,#F83078,#A02352,30.69,2,0,0,0,0,0,0,0,12,0,0,0,6
SL0254,#F04078,#A92F54,23.65,3,0,0,0,0,0,0,0,11,0,0,0,7
SL0255,#F82088,#931651,35.08,1,0,0,0,0,0,0,0,14,0,0,0,5
SL0256,#F84090,#9F2D5E,30.3,3,0,0,0,0,0,0,0,12,0,0,0,5
SL0257,#F060A0,#A4426F,24.38,5,0,0,0,0,0,0,0,11,0,0,0,4
SL0258,#E84080,#A62F59,22.66,3,0,0,0,0,0,0,0,11,0,0,0,6
SL0259,#E85070,#B93E55,14.99,4,0,0,0,0,0,0,0,8,0,0,0,8
SL0260,#C03058,#AA274C,7.44,2,0,0,0,0,0,0,0,10,0,0,0,7
SL0261,#C03060,#A32551,9.83,2,0,0,0,0,0,0,0,11,0,0,0,6
SL0262,#D03070,#A02352,16.81,2,0,0,0,0,0,0,0,12,0,0,0,6
SL0263,#C03868,#A62F59,8.87,3,0,0,0,0,0,0,0,11,0,0,0,6
SL0264,#C03868,#A62F59,8.87,3,0,0,0,0,0,0,0,11,0,0,0,6
SL0265,#D05078,#B14665,10.27,5,0,0,0,0,0,0,0,9,0,0,0,6
SL0266,#D03878,#9F2D5E,16.77,3,0,0,0,0,0,0,0,12,0,0,0,5
SL0267,#D03870,#A62F59,14.83,3,0,0,0,0,0,0,0,11,0,0,0,6
SL0268,#C85080,#AB446A,10.05,5,0,0,0,0,0,0,0,10,0,0,0,5
SL0269,#D85078,#B14665,13.12,5,0,0,0,0,0,0,0,9,0,0,0,6
SL0270,#F878B0,#AD547A,24.16,7,0,0,0,0,0,0,0,10,0,0,0,4
SL0271,#F070B8,#A34B7A,25.7,6,0,0,0,0,0,0,0,11,0,0,0,3
SL0272,#E878C8,#BC63A3,14.89,5,0,8,0,0,0,0,8,0,0,0,0,0
SL0273,#C84890,#98346E,16.45,4,0,0,0,0,0,0,0,13,0,0,0,3
SL0274,#D858A0,#9D4074,19.82,5,0,0,0,0,0,0,0,12,0,0,0,3
SL0275,#C050A8,#B14C9A,6.64,2,0,10,0,0,0,0,8,0,0,0,0,0
SL0276,#E840D0,#942885,32.81,0,0,8,0,0,0,0,5,6,0,0,0,0
SL0277,#E028A0,#8A1C62,32.41,2,0,0,0,0,0,0,0,16,0,0,0,3
SL0278,#C00088,#760053,28.54,0,0,0,0,0,0,5,0,15,0,0,0,0
SL0279,#A03060,#9F2D5E,1.4,3,0,0,0,0,0,0,0,12,0,0,0,5
SL0280,#B02090,#911B77,12.8,0,0,4,0,0,0,0,6,11,0,0,0,0
SL0281,#801840,#9C194B,10.78,1,0,0,0,0,0,0,0,12,0,0,0,6
SL0282,#A82088,#931C78,8.51,0,0,4,0,0,0,0,6,10,0,0,0,0
SL0283,#880878,#780869,7.56,0,0,1,0,0,0,0,2,18,0,0,0,0
SL0284,#703098,#451A60,23.16,1,0,0,0,0,10,0,0,9,0,0,0,0
SL0285,#382040,#683A77,23.6,4,0,0,0,0,6,0,0,9,0,0,0,0
SL0286,#A00890,#730668,19.47,0,0,1,0,0,0,0,1,18,0,0,0,0
SL0287,#A030A8,#84288A,13.16,0,0,11,0,0,0,0,2,7,0,0,0,0
SL0288,#C81088,#800655,26.9,0,0,0,0,0,0,0,0,17,0,0,0,3
SL0289,#D82878,#992157,22.4,2,0,0,0,0,0,0,0,13,0,0,0,5
SL0290,#C02068,#931651,15.4,1,0,0,0,0,0,0,0,14,0,0,0,5
SL0291,#B83060,#A62F59,6.98,3,0,0,0,0,0,0,0,11,0,0,0,6
SL0292,#C01850,#9D0F3F,11.9,0,0,0,0,0,0,0,0,12,0,0,0,7
SL0293,#C03858,#B3334F,4.4,3,0,0,0,0,0,0,0,9,0,0,0,8
SL0294,#C01840,#A81237,8.27,0,0,0,0,0,0,0,0,11,0,0,0,9
SL0295,#B81830,#B6172D,1.22,0,0,0,0,0,0,0,0,9,0,0,0,11
SL0296,#B02030,#BC2233,4.01,1,0,0,0,0,0,0,0,8,0,0,0,11
SL0297,#B02048,#A71C42,2.9,1,0,0,0,0,0,0,0,11,0,0,0,8
SL0298,#A01010,#BC1214,11.01,0,0,0,0,0,0,10,0,1,0,0,0,9
SL0299,#B01828,#BC1928,5.36,0,0,0,0,0,0,0,0,8,0,0,0,12
SL0300,#B80810,#B50E14,3.17,0,0,0,0,0,0,13,0,0,0,0,0,7
SL0301,#C80838,#98062C,17.81,0,0,0,0,0,0,12,0,5,0,0,0,3
SL0302,#A80848,#8E063E,9.85,0,0,0,0,0,0,6,0,10,0,0,0,3
SL0303,#602020,#CD4546,39.16,4,0,0,0,0,0,0,0,5,0,0,0,11
SL0304,#980840,#93083B,2.61,0,0,0,0,0,0,6,0,10,0,0,0,4
SL0305,#882028,#C12E39,20.83,2,0,0,0,0,0,0,0,7,0,0,0,11
SL0306,#982848,#AC3154,6.58,3,0,0,0,0,0,0,0,10,0,0,0,7
SL0307,#A80818,#A70819,0.88,0,0,0,0,0,0,16,0,0,0,0,0,4
SL0308,#882030,#BB2C3E,18.61,2,0,0,0,0,0,0,0,8,0,0,0,10
SL0309,#C80840,#96062F,18.03,0,0,0,0,0,0,11,0,6,0,0,0,3
SL0310,#B01040,#9F0E3A,6.55,0,0,0,0,0,0,2,0,11,0,0,0,7
SL0311,#A01048,#960D44,3.47,0,0,0,0,0,0,0,0,13,0,0,0,6
SL0312,#901828,#B82036,14.03,1,0,0,0,0,0,0,0,9,0,0,0,11
SL0313,#881838,#A71C42,11.72,1,0,0,0,0,0,0,0,11,0,0,0,8
SL0314,#782040,#A62F59,15.68,3,0,0,0,0,0,0,0,11,0,0,0,6
SL0315,#981048,#940C46,1.31,0,0,0,0,0,0,0,0,14,0,0,0,6
SL0316,#B01858,#9A184C,8.11,1,0,0,0,0,0,0,0,13,0,0,0,6
SL0317,#601010,#CA1D1E,43.52,0,0,0,0,0,0,0,0,6,0,0,0,14
SL0318,#581820,#BD3446,36.37,3,0,0,0,0,0,0,0,8,0,0,0,10
SL0319,#602030,#B23C5A,28.67,4,0,0,0,0,0,0,0,9,0,0,0,7
SL0320,#982050,#A02352,2.57,2,0,0,0,0,0,0,0,12,0,0,0,6
SL0321,#701038,#9A184C,15.4,1,0,0,0,0,0,0,0,13,0,0,0,6
SL0322,#581028,#A11A47,27.42,1,0,0,0,0,0,0,0,12,0,0,0,7
SL0323,#782050,#962963,10.82,3,0,0,0,0,0,0,0,14,0,0,0,4
SL0324,#903868,#9D4074,4.81,5,0,0,0,0,0,0,0,12,0,0,0,3
SL0325,#982050,#A02352,2.57,2,0,0,0,0,0,0,0,12,0,0,0,6
SL0326,#A02050,#A02352,1.47,2,0,0,0,0,0,0,0,12,0,0,0,6
SL0327,#781848,#921F5C,10.19,2,0,0,0,0,0,0,0,14,0,0,0,4
SL0328,#682050,#8D296D,15.2,3,0,0,0,0,0,0,0,14,0,0,0,2
SL0329,#701858,#9B217A,17.03,0,0,4,0,0,0,0,7,8,0,0,0,0
SL0330,#581840,#922968,21.68,3,0,0,0,0,0,0,0,14,0,0,0,3
SL0331,#683050,#A34B7A,20.45,6,0,0,0,0,0,0,0,11,0,0,0,3
SL0332,#703050,#A04375,17.28,5,0,0,0,0,0,0,0,11,0,0,0,3
SL0333,#501850,#8A2B8B,27.01,0,0,11,0,0,0,0,3,6,0,0,0,0
SL0334,#401840,#993997,39.32,0,0,14,0,0,0,0,5,1,0,0,0,0
SL0335,#701868,#851C7C,9.63,0,0,6,0,0,0,0,3,10,0,0,0,0
SL0336,#702860,#AC3A92,23.36,0,0,11,0,0,0,0,9,0,0,0,0,0
SL0337,#482028,#BE5366,40.59,6,0,0,0,0,0,0,0,7,0,0,0,7
SL0338,#602040,#9E3669,22.2,4,0,0,0,0,0,0,0,12,0,0,0,4
SL0339,#601828,#B12947,29.74,2,0,0,0,0,0,0,0,9,0,0,0,8
SL0340,#882050,#992157,6.48,2,0,0,0,0,0,0,0,13,0,0,0,5
SL0341,#783058,#9D4074,13.38,5,0,0,0,0,0,0,0,12,0,0,0,3
SL0342,#882040,#A7254D,10.93,2,0,0,0,0,0,0,0,11,0,0,0,7
SL0343,#801830,#AE1E3D,17.68,1,0,0,0,0,0,0,0,10,0,0,0,9
SL0344,#701828,#B42943,24.37,2,0,0,0,0,0,0,0,9,0,0,0,9
SL0345,#602028,#C04050,33.51,4,0,0,0,0,0,0,0,7,0,0,0,9
SL0346,#603850,#A8608C,25.31,8,0,0,0,0,0,0,0,10,0,0,0,2
SL0347,#704050,#B96983,23.97,8,0,0,0,0,0,0,0,7,0,0,0,4
SL0348,#581020,#AE1E3D,32.93,1,0,0,0,0,0,0,0,10,0,0,0,9
SL0349,#502838,#B0597B,32.75,7,0,0,0,0,0,0,0,9,0,0,0,4
SL0350,#381818,#D25A57,54.58,6,0,0,0,0,0,0,0,4,0,0,0,10
SL0351,#481818,#CD4546,48.74,4,0,0,0,0,0,0,0,5,0,0,0,11
SL0352,#401818,#CE4C4D,51.29,5,0,0,0,0,0,0,0,5,0,0,0,11
SL0353,#905860,#C87D89,17.9,10,0,0,0,0,0,0,0,5,0,0,0,5
SL0354,#806068,#CC9CA6,25.22,13,0,0,0,0,0,0,0,4,0,0,0,3
SL0355,#905058,#C9747E,17.74,9,0,0,0,0,0,0,0,5,0,0,0,6
SL0356,#685060,#CEA1C0,35.22,12,0,4,0,0,0,0,4,0,0,0,0,0
SL0357,#503038,#C27283,37.78,9,0,0,0,0,0,0,0,6,0,0,0,5
SL0358,#602830,#C05161,32.42,6,0,0,0,0,0,0,0,7,0,0,0,8
SL0359,#603038,#C16272,32.05,7,0,0,0,0,0,0,0,6,0,0,0,6
SL0360,#702830,#C04050,28.04,4,0,0,0,0,0,0,0,7,0,0,0,9
SL0361,#784858,#BB7088,21.78,9,0,0,0,0,0,0,0,7,0,0,0,4
SL0362,#704050,#B96983,23.97,8,0,0,0,0,0,0,0,7,0,0,0,4
SL0363,#784850,#C77884,25.07,9,0,0,0,0,0,0,0,5,0,0,0,5
SL0364,#603838,#D57C7A,37.81,9,0,0,0,0,0,0,0,3,0,0,0,7
SL0365,#704040,#D07679,30.58,9,0,0,0,0,0,0,0,4,0,0,0,7
SL0366,#804848,#D07679,25.14,9,0,0,0,0,0,0,0,4,0,0,0,7
SL0367,#684048,#C47787,29.68,10,0,0,0,0,0,0,0,6,0,0,0,5
SL0368,#705048,#E7A492,38.31,13,0,0,0,0,0,0,0,0,0,0,0,7
SL0369,#A87888,#C2899D,8.24,12,0,0,0,0,0,0,0,6,0,0,0,3
SL0370,#B08088,#CD929A,8.92,12,0,0,0,0,0,0,0,4,0,0,0,4
SL0371,#B88080,#D49495,8.57,12,0,0,0,0,0,0,0,3,0,0,0,5
SL0372,#B07878,#D49495,11.49,12,0,0,0,0,0,0,0,3,0,0,0,5
SL0373,#A88080,#D8A6A4,15.63,13,0,0,0,0,0,0,0,2,0,0,0,4
SL0374,#A08088,#CBA5B1,14.77,14,0,0,0,0,0,0,0,4,0,0,0,2
SL0375,#B08080,#D49899,11.14,13,0,0,0,0,0,0,0,3,0,0,0,5
SL0376,#B88080,#D49495,8.57,12,0,0,0,0,0,0,0,3,0,0,0,5
SL0377,#A87070,#D58B8A,13.63,11,0,0,0,0,0,0,0,3,0,0,0,6
SL0378,#C09898,#D9A9A7,7.55,14,0,0,0,0,0,0,0,2,0,0,0,4
SL0379,#B88890,#CC9CA6,7.34,13,0,0,0,0,0,0,0,4,0,0,0,3
SL0380,#B89090,#D9A9A7,10.32,14,0,0,0,0,0,0,0,2,0,0,0,4
SL0381,#C098A0,#CD9FA8,3.94,14,0,0,0,0,0,0,0,4,0,0,0,3
SL0382,#B090A0,#C5A3B6,7.31,14,0,0,0,0,0,0,0,5,0,0,0,1
SL0383,#B08890,#CC9CA6,8.73,13,0,0,0,0,0,0,0,4,0,0,0,3
SL0384,#C090A0,#C6909F,2.63,12,0,0,0,0,0,0,0,5,0,0,0,3
SL0385,#C89898,#D8A6A4,5.56,13,0,0,0,0,0,0,0,2,0,0,0,4
SL0386,#C09890,#DFAEA5,9.58,15,0,0,0,0,0,0,0,1,0,0,0,5
SL0387,#C8A8A8,#D8B3B2,4.52,15,0,0,0,0,0,0,0,2,0,0,0,3
SL0388,#B88880,#E0A297,12.32,13,0,0,0,0,0,0,0,1,0,0,0,6
SL0389,#C09088,#DFABA2,10.42,14,0,0,0,0,0,0,0,1,0,0,0,5
SL0390,#B88880,#E0A297,12.32,13,0,0,0,0,0,0,0,1,0,0,0,6
SL0391,#C08888,#D49495,5.82,12,0,0,0,0,0,0,0,3,0,0,0,5
SL0392,#B08888,#D9A9A7,13.21,14,0,0,0,0,0,0,0,2,0,0,0,4
SL0393,#B89090,#D9A9A7,10.32,14,0,0,0,0,0,0,0,2,0,0,0,4
SL0394,#B88080,#D49495,8.57,12,0,0,0,0,0,0,0,3,0,0,0,5
SL0395,#B08880,#DFABA2,14.82,14,0,0,0,0,0,0,0,1,0,0,0,5
SL0396,#C08890,#CD929A,4.16,12,0,0,0,0,0,0,0,4,0,0,0,4
SL0397,#B88888,#D39EA1,8.69,13,0,0,0,0,0,0,0,3,0,0,0,4
SL0398,#C09898,#D9A9A7,7.55,14,0,0,0,0,0,0,0,2,0,0,0,4
SL0399,#B89090,#D9A9A7,10.32,14,0,0,0,0,0,0,0,2,0,0,0,4
SL0400,#B08888,#D9A9A7,13.21,14,0,0,0,0,0,0,0,2,0,0,0,4
SL0401,#C89890,#DFABA2,7.51,14,0,0,0,0,0,0,0,1,0,0,0,5
SL0402,#C89890,#DFABA2,7.51,14,0,0,0,0,0,0,0,1,0,0,0,5
SL0403,#C8A0A0,#D7B0B0,5.52,14,0,0,0,0,0,0,0,2,0,0,0,3
SL0404,#C89888,#E6AD9D,9.18,14,0,0,0,0,0,0,0,0,0,0,0,6
SL0405,#D89888,#E7A492,4.51,13,0,0,0,0,0,0,0,0,0,0,0,7
SL0406,#E09890,#DA9690,2.37,12,0,0,0,0,0,0,0,2,0,0,0,6
SL0407,#D89888,#E7A492,4.51,13,0,0,0,0,0,0,0,0,0,0,0,7
SL0408,#D09888,#E6AA99,7.08,13,0,0,0,0,0,0,0,0,0,0,0,6
SL0409,#D89880,#E7A087,4.71,12,0,0,0,0,0,0,0,0,0,0,1,7
SL0410,#C88878,#E89A86,9.72,12,0,0,0,0,0,0,0,0,0,0,0,8
SL0411,#C88880,#DA9690,5.87,12,0,0,0,0,0,0,0,2,0,0,0,6
SL0412,#C08078,#DC918A,8.26,12,0,0,0,0,0,0,0,2,0,0,0,7
SL0413,#C08878,#E7A492,11.77,13,0,0,0,0,0,0,0,0,0,0,0,7
SL0414,#B07870,#E1988B,15.38,12,0,0,0,0,0,0,0,1,0,0,0,7
SL0415,#C07868,#E9917B,12.58,11,0,0,0,0,0,0,0,0,0,0,0,9
SL0416,#C07870,#DB8D85,8.53,11,0,0,0,0,0,0,0,2,0,0,0,7
SL0417,#F8D8D0,#DEBEB8,9.37,16,0,0,0,0,0,0,0,1,0,0,0,3
SL0418,#E8B8A0,#E6B39D,2.02,14,0,0,0,0,0,0,0,0,0,0,1,5
SL0419,#F0C0A8,#E5BAA5,3.62,14,0,0,0,0,0,0,0,0,0,0,1,4
SL0420,#F0C8A8,#E5BF9E,3.68,14,0,0,0,0,0,0,0,0,0,0,3,3
SL0421,#E8A088,#E7A087,1.07,12,0,0,0,0,0,0,0,0,0,0,1,7
SL0422,#F8B8A0,#E7AA92,5.75,13,0,0,0,0,0,0,0,0,0,0,1,6
SL0423,#E0A8A8,#D39EA1,4.68,13,0,0,0,0,0,0,0,3,0,0,0,4
SL0424,#E0B0A0,#E5B7A8,2.49,15,0,0,0,0,0,0,0,0,0,0,0,5
SL0425,#F0C0B0,#E5B7A8,3.78,15,0,0,0,0,0,0,0,0,0,0,0,5
SL0426,#E8B0A0,#E6AD9D,1.29,14,0,0,0,0,0,0,0,0,0,0,0,6
SL0427,#F0B8A0,#E6B39D,3.55,14,0,0,0,0,0,0,0,0,0,0,1,5
SL0428,#E0B8A0,#E5BBA1,1.91,15,0,0,0,0,0,0,0,0,0,0,2,4
SL0429,#F8A888,#E89C7C,5.12,11,0,0,0,0,0,0,0,0,0,0,2,7
SL0430,#E8A090,#E1988B,3.13,12,0,0,0,0,0,0,0,1,0,0,0,7
SL0431,#E8A890,#E7AA92,1.49,13,0,0,0,0,0,0,0,0,0,0,1,6
SL0432,#F89078,#EA8870,4.5,10,0,0,0,0,0,0,0,0,0,0,0,10
SL0433,#C87880,#CA7982,0.79,10,0,0,0,0,0,0,0,5,0,0,0,6
SL0434,#D08080,#D5817F,2.35,10,0,0,0,0,0,0,0,3,0,0,0,7
SL0435,#C87078,#C9747E,2.22,9,0,0,0,0,0,0,0,5,0,0,0,6
SL0436,#D08880,#DB8D85,3.58,11,0,0,0,0,0,0,0,2,0,0,0,7
SL0437,#D08070,#E38A7A,5.47,11,0,0,0,0,0,0,0,1,0,0,0,9
SL0438,#C07868,#E9917B,12.58,11,0,0,0,0,0,0,0,0,0,0,0,9
SL0439,#C07068,#DC837A,8.66,10,0,0,0,0,0,0,0,2,0,0,0,8
SL0440,#B87070,#D5817F,9.07,10,0,0,0,0,0,0,0,3,0,0,0,7
SL0441,#B87870,#DB8D85,10.73,11,0,0,0,0,0,0,0,2,0,0,0,7
SL0442,#986068,#C87D89,15.15,10,0,0,0,0,0,0,0,5,0,0,0,5
SL0443,#A06068,#C9747E,12.75,9,0,0,0,0,0,0,0,5,0,0,0,6
SL0444,#A05860,#C86E79,12.28,8,0,0,0,0,0,0,0,5,0,0,0,6
SL0445,#984050,#BE5366,12.11,6,0,0,0,0,0,0,0,7,0,0,0,7
SL0446,#803848,#B7516B,18.25,6,0,0,0,0,0,0,0,8,0,0,0,6
SL0447,#904048,#C55561,17.19,6,0,0,0,0,0,0,0,6,0,0,0,8
SL0448,#903848,#B84860,13.5,5,0,0,0,0,0,0,0,8,0,0,0,7
SL0449,#B05068,#B7516B,2.67,6,0,0,0,0,0,0,0,8,0,0,0,6
SL0450,#B03848,#C04050,4.78,4,0,0,0,0,0,0,0,7,0,0,0,9
SL0451,#B03838,#CD4546,9.29,4,0,0,0,0,0,0,0,5,0,0,0,11
SL0452,#882040,#A7254D,10.93,2,0,0,0,0,0,0,0,11,0,0,0,7
SL0453,#981858,#931651,2.97,1,0,0,0,0,0,0,0,14,0,0,0,5
SL0454,#782850,#9E3669,13.19,4,0,0,0,0,0,0,0,12,0,0,0,4
SL0455,#881830,#AE1E3D,14.07,1,0,0,0,0,0,0,0,10,0,0,0,9
SL0456,#801830,#AE1E3D,17.68,1,0,0,0,0,0,0,0,10,0,0,0,9
SL0457,#702030,#B3334F,23.82,3,0,0,0,0,0,0,0,9,0,0,0,8
SL0458,#602020,#CD4546,39.16,4,0,0,0,0,0,0,0,5,0,0,0,11
SL0459,#883048,#B23C5A,14.8,4,0,0,0,0,0,0,0,9,0,0,0,7
SL0460,#904850,#C45F6C,16.68,7,0,0,0,0,0,0,0,6,0,0,0,7
SL0461,#A85860,#CA6A73,10.37,8,0,0,0,0,0,0,0,5,0,0,0,7
SL0462,#A05868,#C16C7E,10.07,8,0,0,0,0,0,0,0,6,0,0,0,5
SL0463,#A04858,#BE5366,10.01,6,0,0,0,0,0,0,0,7,0,0,0,7
SL0464,#905860,#C87D89,17.9,10,0,0,0,0,0,0,0,5,0,0,0,5
SL0465,#A87080,#C38092,8.1,11,0,0,0,0,0,0,0,6,0,0,0,4
SL0466,#A06878,#C17B8E,10.37,10,0,0,0,0,0,0,0,6,0,0,0,4
SL0467,#A87070,#D58B8A,13.63,11,0,0,0,0,0,0,0,3,0,0,0,6
SL0468,#A87078,#CE898F,11.57,11,0,0,0,0,0,0,0,4,0,0,0,5
SL0469,#C08890,#CD929A,4.16,12,0,0,0,0,0,0,0,4,0,0,0,4
SL0470,#986068,#C87D89,15.15,10,0,0,0,0,0,0,0,5,0,0,0,5
SL0471,#A05860,#C86E79,12.28,8,0,0,0,0,0,0,0,5,0,0,0,6
SL0472,#905860,#C87D89,17.9,10,0,0,0,0,0,0,0,5,0,0,0,5
SL0473,#B07078,#C87D89,7.64,10,0,0,0,0,0,0,0,5,0,0,0,5
SL0474,#B07888,#C08599,5.85,11,0,0,0,0,0,0,0,6,0,0,0,3
SL0475,#A87088,#BB7993,5.66,10,0,0,0,0,0,0,0,7,0,0,0,3
SL0476,#B87088,#BB7088,1.71,9,0,0,0,0,0,0,0,7,0,0,0,4
SL0477,#A05070,#B0597B,4.89,7,0,0,0,0,0,0,0,9,0,0,0,4
SL0478,#985070,#AC5B82,6.94,7,0,0,0,0,0,0,0,9,0,0,0,3
SL0479,#A85068,#B65B76,5.03,7,0,0,0,0,0,0,0,8,0,0,0,5
SL0480,#B05868,#C16272,5.32,7,0,0,0,0,0,0,0,6,0,0,0,6
SL0481,#C05070,#B14665,4.76,5,0,0,0,0,0,0,0,9,0,0,0,6
SL0482,#C05870,#B7516B,3.08,6,0,0,0,0,0,0,0,8,0,0,0,6
SL0483,#A06078,#B86A86,7.52,9,0,0,0,0,0,0,0,8,0,0,0,4
SL0484,#A04070,#A4426F,2.13,5,0,0,0,0,0,0,0,11,0,0,0,4
SL0485,#985078,#A95780,5.68,7,0,0,0,0,0,0,0,10,0,0,0,3
SL0486,#A05870,#B66482,7.0,8,0,0,0,0,0,0,0,8,0,0,0,4
SL0487,#805060,#BD758C,19.72,10,0,0,0,0,0,0,0,7,0,0,0,4
SL0488,#805070,#C57BAD,23.54,8,0,6,0,0,0,0,7,0,0,0,0,0
SL0489,#784860,#B1688B,18.85,9,0,0,0,0,0,0,0,9,0,0,0,3
SL0490,#683860,#B15DA4,27.53,4,0,10,0,0,0,0,6,0,0,0,0,0
SL0491,#785058,#C78794,25.75,11,0,0,0,0,0,0,0,5,0,0,0,4
SL0492,#784058,#B25F80,19.06,8,0,0,0,0,0,0,0,9,0,0,0,4
SL0493,#884850,#CA6A73,20.9,8,0,0,0,0,0,0,0,5,0,0,0,7
SL0494,#905870,#B56E8D,11.85,9,0,0,0,0,0,0,0,8,0,0,0,3
SL0495,#985058,#CA6A73,15.58,8,0,0,0,0,0,0,0,5,0,0,0,7
SL0496,#906880,#B787A7,13.48,11,0,0,0,0,0,0,0,7,0,0,0,1
SL0497,#886090,#AD78B5,13.43,7,0,11,0,0,0,0,2,0,0,0,0,0
SL0498,#986880,#BA839E,11.21,11,0,0,0,0,0,0,0,7,0,0,0,2
SL0499,#A088B0,#907A9D,6.55,10,0,0,0,0,5,0,0,5,0,0,0,0
SL0500,#A880B0,#B28ABD,4.06,9,0,10,0,0,0,0,1,0,0,0,0,0
SL0501,#A880A0,#C695BC,9.73,11,0,6,0,0,0,0,4,0,0,0,0,0
SL0502,#B088A8,#C999BD,7.63,11,0,5,0,0,0,0,4,0,0,0,0,0
SL0503,#B088A0,#BD93AD,4.41,12,0,0,0,0,0,0,0,6,0,0,0,1
SL0504,#A088A0,#C9ABC7,13.89,13,0,5,0,0,0,0,2,0,0,0,0,0
SL0505,#B890A8,#BF98B0,2.57,13,0,0,0,0,0,0,0,6,0,0,0,1
SL0506,#B088A0,#BD93AD,4.41,12,0,0,0,0,0,0,0,6,0,0,0,1
SL0507,#B898B0,#CEAAC5,7.11,13,0,4,0,0,0,0,3,0,0,0,0,0
SL0508,#C890A0,#C6909F,0.94,12,0,0,0,0,0,0,0,5,0,0,0,3
SL0509,#D0A8B8,#C79DAD,4.0,14,0,0,0,0,0,0,0,5,0,0,0,2
SL0510,#E0B0B8,#D2A7AC,4.69,14,0,0,0,0,0,0,0,3,0,0,0,3
SL0511,#D8A0A8,#CE969E,3.85,13,0,0,0,0,0,0,0,4,0,0,0,4
SL0512,#F0D0D8,#D1B1B7,11.5,15,0,0,0,0,0,0,0,3,0,0,0,2
SL0513,#F0E8E0,#E2DDD5,4.59,19,0,0,0,0,0,0,0,0,0,0,0,1
SL0514,#D8D0C8,#E2DDD5,4.2,19,0,0,0,0,0,0,0,0,0,0,0,1
SL0515,#E8D8D0,#E3D3CA,2.21,18,0,0,0,0,0,0,0,0,0,0,0,2
SL0516,#F0E0D8,#E3D3CA,4.87,18,0,0,0,0,0,0,0,0,0,0,0,2
SL0517,#E0C8C0,#E4CABE,1.84,17,0,0,0,0,0,0,0,0,0,0,0,3
SL0518,#F0D0B8,#E4C4AB,4.6,16,0,0,0,0,0,0,0,0,0,0,2,3
SL0519,#F0D8C8,#E3CFBF,3.88,17,0,0,0,0,0,0,0,0,0,0,1,2
SL0520,#F0D8D0,#DDC8C3,6.63,17,0,0,0,0,0,0,0,1,0,0,0,2
SL0521,#F0D8C8,#E3CFBF,3.88,17,0,0,0,0,0,0,0,0,0,0,1,2
SL0522,#F0D0B8,#E4C4AB,4.6,16,0,0,0,0,0,0,0,0,0,0,2,3
SL0523,#E0C8B8,#E4C7B6,1.96,17,0,0,0,0,0,0,0,0,0,0,1,3
SL0524,#E8C8C0,#DEBEB8,3.79,16,0,0,0,0,0,0,0,1,0,0,0,3
SL0525,#D8B8A8,#E4C6B4,4.68,16,0,0,0,0,0,0,0,0,0,0,1,3
SL0526,#E0C0A8,#E5C2A9,1.59,15,0,0,0,0,0,0,0,0,0,0,2,3
SL0527,#E8B8A8,#E5B7A8,1.37,15,0,0,0,0,0,0,0,0,0,0,0,5
SL0528,#E0B8A0,#E5BBA1,1.91,15,0,0,0,0,0,0,0,0,0,0,2,4
SL0529,#B8A0B0,#D3B5C9,8.83,15,0,3,0,0,0,0,3,0,0,0,0,0
SL0530,#C0A8A8,#D7BCBD,7.69,16,0,0,0,0,0,0,0,2,0,0,0,2
SL0531,#D0A8A8,#D8B3B2,3.64,15,0,0,0,0,0,0,0,2,0,0,0,3
SL0532,#C0A0A8,#D1B1B7,5.99,15,0,0,0,0,0,0,0,3,0,0,0,2
SL0533,#E8C8B8,#E4C6B4,1.64,16,0,0,0,0,0,0,0,0,0,0,1,3
SL0534,#D8B8A0,#E5C2A9,3.93,15,0,0,0,0,0,0,0,0,0,0,2,3
SL0535,#D8C098,#E4CA9F,4.23,14,0,0,0,0,0,0,0,0,0,0,5,1
SL0536,#D8A888,#E6B593,4.86,13,0,0,0,0,0,0,0,0,0,0,3,4
SL0537,#D09878,#E7AC88,7.44,12,0,0,0,0,0,0,0,0,0,0,3,5
SL0538,#D8A088,#E7AA92,4.23,13,0,0,0,0,0,0,0,0,0,0,1,6
SL0539,#C88880,#DA9690,5.87,12,0,0,0,0,0,0,0,2,0,0,0,6
SL0540,#B8A0A8,#CFB8C1,8.52,15,0,0,0,0,0,0,0,3,0,0,0,1
SL0541,#B07878,#D49495,11.49,12,0,0,0,0,0,0,0,3,0,0,0,5
SL0542,#886868,#D9A9A7,26.71,14,0,0,0,0,0,0,0,2,0,0,0,4
SL0543,#A88880,#DFB5AD,17.67,15,0,0,0,0,0,0,0,1,0,0,0,4
SL0544,#786878,#C9ABC7,28.25,13,0,5,0,0,0,0,2,0,0,0,0,0
SL0545,#B87058,#E98D70,15.3,10,0,0,0,0,0,0,0,0,0,0,1,9
SL0546,#B07860,#E89C7C,17.45,11,0,0,0,0,0,0,0,0,0,0,2,7
SL0547,#A86060,#D07679,12.19,9,0,0,0,0,0,0,0,4,0,0,0,7
SL0548,#A06850,#E89977,22.97,10,0,0,0,0,0,0,0,0,0,0,2,7
SL0549,#B06850,#EA896B,17.99,9,0,0,0,0,0,0,0,0,0,0,1,9
SL0550,#A85028,#EC6F3A,23.61,5,0,0,0,0,0,0,0,0,0,0,4,11
SL0551,#904830,#EB774F,30.61,7,0,0,0,0,0,0,0,0,0,0,2,11
SL0552,#705858,#D9A9A7,34.56,14,0,0,0,0,0,0,0,2,0,0,0,4
SL0553,#804020,#EC753A,38.64,5,0,0,0,0,0,0,0,0,0,0,5,10
SL0554,#884028,#EC6D44,34.89,6,0,0,0,0,0,0,0,0,0,0,2,12
SL0555,#683820,#EB7E45,46.82,6,0,0,0,0,0,0,0,0,0,0,5,9
SL0556,#783828,#EC714F,39.47,7,0,0,0,0,0,0,0,0,0,0,1,12
SL0557,#683020,#EC6B47,46.62,6,0,0,0,0,0,0,0,0,0,0,1,12
SL0558,#884038,#DF6758,28.9,7,0,0,0,0,0,0,0,2,0,0,0,11
SL0559,#784030,#EB7A5A,38.45,8,0,0,0,0,0,0,0,0,0,0,1,11
SL0560,#583020,#EB8156,50.47,8,0,0,0,0,0,0,0,0,0,0,3,10
SL0561,#602818,#ED613B,51.48,5,0,0,0,0,0,0,0,0,0,0,1,13
SL0562,#603830,#E38575,42.33,10,0,0,0,0,0,0,0,1,0,0,0,9
SL0563,#602820,#E05E4D,44.16,6,0,0,0,0,0,0,0,2,0,0,0,12
SL0564,#503830,#E7A087,50.43,12,0,0,0,0,0,0,0,0,0,0,1,7
SL0565,#603020,#EB774F,48.25,7,0,0,0,0,0,0,0,0,0,0,2,11
SL0566,#482818,#EB8250,57.37,7,0,0,0,0,0,0,0,0,0,0,4,9
SL0567,#483020,#E99B67,55.99,9,0,0,0,0,0,0,0,0,0,0,5,6
SL0568,#684840,#E7A492,41.32,13,0,0,0,0,0,0,0,0,0,0,0,7
SL0569,#684838,#E8A27C,42.63,11,0,0,0,0,0,0,0,0,0,0,3,6
SL0570,#684848,#D49495,35.05,12,0,0,0,0,0,0,0,3,0,0,0,5
SL0571,#604048,#C78794,33.97,11,0,0,0,0,0,0,0,5,0,0,0,4
SL0572,#906058,#E1988B,25.75,12,0,0,0,0,0,0,0,1,0,0,0,7
SL0573,#785048,#E1988B,33.71,12,0,0,0,0,0,0,0,1,0,0,0,7
SL0574,#684840,#E7A492,41.32,13,0,0,0,0,0,0,0,0,0,0,0,7
SL0575,#885860,#C87D89,20.29,10,0,0,0,0,0,0,0,5,0,0,0,5
SL0576,#985858,#D07679,17.35,9,0,0,0,0,0,0,0,4,0,0,0,7
SL0577,#906050,#E8977C,28.21,11,0,0,0,0,0,0,0,0,0,0,1,8
SL0578,#886858,#E6AF92,30.86,13,0,0,0,0,0,0,0,0,0,0,2,5
SL0579,#987060,#E7AA92,24.91,13,0,0,0,0,0,0,0,0,0,0,1,6
SL0580,#A06050,#E98C76,23.01,10,0,0,0,0,0,0,0,0,0,0,0,9
SL0581,#885048,#E38575,28.86,10,0,0,0,0,0,0,0,1,0,0,0,9
SL0582,#905848,#E98D70,28.92,10,0,0,0,0,0,0,0,0,0,0,1,9
SL0583,#A05850,#DD7A6F,18.95,9,0,0,0,0,0,0,0,2,0,0,0,9
SL0584,#985050,#D06C6E,17.83,8,0,0,0,0,0,0,0,4,0,0,0,8
SL0585,#A05858,#D17273,15.4,9,0,0,0,0,0,0,0,4,0,0,0,8
SL0586,#A06060,#D5817F,16.63,10,0,0,0,0,0,0,0,3,0,0,0,7
SL0587,#B86858,#E4816F,13.26,10,0,0,0,0,0,0,0,1,0,0,0,10
SL0588,#A87060,#E89A86,19.62,12,0,0,0,0,0,0,0,0,0,0,0,8
SL0589,#B07860,#E89C7C,17.45,11,0,0,0,0,0,0,0,0,0,0,2,7
SL0590,#B07068,#DB8D85,13.3,11,0,0,0,0,0,0,0,2,0,0,0,7
SL0591,#C89078,#E7A687,9.95,12,0,0,0,0,0,0,0,0,0,0,2,6
SL0592,#C07068,#DC837A,8.66,10,0,0,0,0,0,0,0,2,0,0,0,8
SL0593,#D06058,#D8655D,2.15,7,0,0,0,0,0,0,0,3,0,0,0,10
SL0594,#C05850,#D8655D,7.02,7,0,0,0,0,0,0,0,3,0,0,0,10
SL0595,#C07068,#DC837A,8.66,10,0,0,0,0,0,0,0,2,0,0,0,8
SL0596,#C06050,#E4735F,11.61,8,0,0,0,0,0,0,0,1,0,0,0,11
SL0597,#D86060,#D05C5C,2.45,6,0,0,0,0,0,0,0,4,0,0,0,9
SL0598,#B05050,#D16362,10.25,7,0,0,0,0,0,0,0,4,0,0,0,9
SL0599,#B85848,#E56C58,14.6,7,0,0,0,0,0,0,0,1,0,0,0,11
SL0600,#B05048,#D96259,13.42,7,0,0,0,0,0,0,0,3,0,0,0,11
SL0601,#C06860,#DD7A6F,8.8,9,0,0,0,0,0,0,0,2,0,0,0,9
SL0602,#C86048,#EB755A,10.75,8,0,0,0,0,0,0,0,0,0,0,0,12
SL0603,#885048,#E38575,28.86,10,0,0,0,0,0,0,0,1,0,0,0,9
SL0604,#A86850,#E99371,20.66,10,0,0,0,0,0,0,0,0,0,0,2,8
SL0605,#A85868,#C36878,8.54,8,0,0,0,0,0,0,0,6,0,0,0,6
SL0606,#C05038,#ED6243,15.28,6,0,0,0,0,0,0,0,0,0,0,0,14
SL0607,#B04830,#ED6243,20.07,6,0,0,0,0,0,0,0,0,0,0,0,14
SL0608,#C06048,#EB755A,13.76,8,0,0,0,0,0,0,0,0,0,0,0,12
SL0609,#C86040,#EC734B,11.64,7,0,0,0,0,0,0,0,0,0,0,2,12
SL0610,#B86048,#EB7A5A,16.4,8,0,0,0,0,0,0,0,0,0,0,1,11
SL0611,#C86838,#EB7A42,12.01,6,0,0,0,0,0,0,0,0,0,0,5,10
SL0612,#D87860,#EA836A,5.1,9,0,0,0,0,0,0,0,0,0,0,0,10
SL0613,#E08868,#E98E6B,2.97,10,0,0,0,0,0,0,0,0,0,0,2,9
SL0614,#B87058,#E98D70,15.3,10,0,0,0,0,0,0,0,0,0,0,1,9
SL0615,#B05850,#DE7064,14.51,8,0,0,0,0,0,0,0,2,0,0,0,10
SL0616,#C05040,#E05E4D,9.9,6,0,0,0,0,0,0,0,2,0,0,0,12
SL0617,#B84030,#E14B37,15.71,4,0,0,0,0,0,0,0,2,0,0,0,14
SL0618,#C84838,#E05442,7.51,5,0,0,0,0,0,0,0,2,0,0,0,13
SL0619,#C05028,#EE602E,16.7,4,0,0,0,0,0,0,0,0,0,0,3,13
SL0620,#D84818,#EF4D18,9.3,2,0,0,0,0,0,0,0,0,0,0,3,15
SL0621,#D04030,#DB3F31,5.01,3,0,0,0,0,0,0,0,3,0,0,0,14
SL0622,#E83800,#EF3800,2.97,0,0,0,0,0,0,0,0,0,0,3,0,17
SL0623,#B84020,#EE552D,18.72,4,0,0,0,0,0,0,0,0,0,0,1,15
SL0624,#D04018,#F04717,12.5,2,0,0,0,0,0,0,0,0,0,0,2,16
SL0625,#E04028,#E2412C,1.06,3,0,0,0,0,0,0,0,2,0,0,0,15
SL0626,#B03820,#EF4F2D,22.26,4,0,0,0,0,0,0,0,0,0,0,0,16
SL0627,#C84838,#E05442,7.51,5,0,0,0,0,0,0,0,2,0,0,0,13
SL0628,#B84030,#E14B37,15.71,4,0,0,0,0,0,0,0,2,0,0,0,14
SL0629,#A84850,#C55561,8.93,6,0,0,0,0,0,0,0,6,0,0,0,8
SL0630,#A01020,#B41222,8.25,0,0,0,0,0,0,6,0,5,0,0,0,9
SL0631,#A02830,#C12E39,12.32,2,0,0,0,0,0,0,0,7,0,0,0,11
SL0632,#B04848,#D25A57,10.87,6,0,0,0,0,0,0,0,4,0,0,0,10
SL0633,#983030,#CD4546,17.67,4,0,0,0,0,0,0,0,5,0,0,0,11
SL0634,#B84038,#D94A3F,12.32,4,0,0,0,0,0,0,0,3,0,0,0,12
SL0635,#C02838,#BD2B3B,2.77,2,0,0,0,0,0,0,0,8,0,0,0,11
SL0636,#C82040,#B11E3A,8.57,1,0,0,0,0,0,0,0,10,0,0,0,10
SL0637,#A81828,#BA182A,7.09,0,0,0,0,0,0,0,0,8,0,0,0,11
SL0638,#C82048,#AE1E3D,9.12,1,0,0,0,0,0,0,0,10,0,0,0,9
SL0639,#B84830,#EE5B3B,19.28,5,0,0,0,0,0,0,0,0,0,0,0,14
SL0640,#B03048,#B6324B,2.09,3,0,0,0,0,0,0,0,9,0,0,0,9
SL0641,#683030,#D16362,34.79,7,0,0,0,0,0,0,0,4,0,0,0,9
SL0642,#681820,#C12E39,33.5,2,0,0,0,0,0,0,0,7,0,0,0,11
SL0643,#782038,#AC3154,18.07,3,0,0,0,0,0,0,0,10,0,0,0,7
SL0644,#782028,#C13745,25.09,3,0,0,0,0,0,0,0,7,0,0,0,10
SL0645,#702828,#CD4546,33.78,4,0,0,0,0,0,0,0,5,0,0,0,11
SL0646,#683028,#DF6758,39.73,7,0,0,0,0,0,0,0,2,0,0,0,11
SL0647,#583030,#D17273,39.74,9,0,0,0,0,0,0,0,4,0,0,0,8
SL0648,#602020,#CD4546,39.16,4,0,0,0,0,0,0,0,5,0,0,0,11
SL0649,#701820,#C12E39,29.66,2,0,0,0,0,0,0,0,7,0,0,0,11
SL0650,#602028,#C04050,33.51,4,0,0,0,0,0,0,0,7,0,0,0,9
SL0651,#682830,#BF4A5B,29.31,5,0,0,0,0,0,0,0,7,0,0,0,8
SL0652,#601818,#CF322F,43.02,2,0,0,0,0,0,0,0,5,0,0,0,13
SL0653,#783828,#EC714F,39.47,7,0,0,0,0,0,0,0,0,0,0,1,12
SL0654,#683028,#DF6758,39.73,7,0,0,0,0,0,0,0,2,0,0,0,11
SL0655,#482830,#BC667D,39.15,8,0,0,0,0,0,0,0,7,0,0,0,5
SL0656,#403030,#D39EA1,49.89,13,0,0,0,0,0,0,0,3,0,0,0,4
SL0657,#501820,#BA354A,38.66,3,0,0,0,0,0,0,0,8,0,0,0,9
SL0658,#502828,#D06C6E,42.44,8,0,0,0,0,0,0,0,4,0,0,0,8
SL0659,#301818,#D06C6E,54.69,8,0,0,0,0,0,0,0,4,0,0,0,8
SL0660,#181818,#DCDEDD,79.79,19,0,1,0,0,0,0,0,0,0,0,0,0
SL0661,#301818,#D06C6E,54.69,8,0,0,0,0,0,0,0,4,0,0,0,8
SL0662,#402020,#D06C6E,48.44,8,0,0,0,0,0,0,0,4,0,0,0,8
SL0663,#382028,#B96983,44.38,8,0,0,0,0,0,0,0,7,0,0,0,4
SL0664,#402020,#D06C6E,48.44,8,0,0,0,0,0,0,0,4,0,0,0,8
SL0665,#402028,#BD5D71,42.72,7,0,0,0,0,0,0,0,7,0,0,0,6
SL0666,#482030,#AA4D75,34.49,6,0,0,0,0,0,0,0,10,0,0,0,4
SL0667,#301820,#B65B76,46.86,7,0,0,0,0,0,0,0,8,0,0,0,5
SL0668,#481898,#2D1555,35.38,0,0,0,0,0,14,0,0,6,0,0,0,0
SL0669,#582880,#512576,4.85,0,0,8,0,0,8,0,0,4,0,0,0,0
SL0670,#502078,#441C66,8.06,0,0,4,0,0,10,0,0,6,0,0,0,0
SL0671,#281838,#653D8E,35.28,0,0,15,0,0,3,0,0,0,2,0,0,0
SL0672,#481870,#3C145C,9.65,0,0,1,0,0,11,0,0,8,0,0,0,0
SL0673,#501870,#3F0F5A,9.56,0,0,0,0,0,10,0,0,10,0,0,0,0
SL0674,#482860,#522F6C,4.01,3,0,0,0,0,10,0,0,8,0,0,0,0
SL0675,#402038,#B65DA2,44.7,4,0,9,0,0,0,0,7,0,0,0,0,0
SL0676,#7818A0,#440E5B,32.25,0,0,0,0,0,9,0,0,11,0,0,0,0
SL0677,#8048A0,#59316F,18.95,3,0,0,0,0,8,0,0,8,0,0,0,0
SL0678,#603888,#663A8F,3.1,0,0,15,0,0,4,0,0,0,1,0,0,0
SL0679,#704098,#6B3E92,3.19,0,0,16,0,0,2,0,0,0,2,0,0,0
SL0680,#603090,#4D2775,11.49,0,0,8,0,0,9,0,0,3,0,0,0,0
SL0681,#603888,#663A8F,3.1,0,0,15,0,0,4,0,0,0,1,0,0,0
SL0682,#5018A0,#321456,37.52,0,0,0,0,0,13,0,0,7,0,0,0,0
SL0683,#402058,#4B2666,5.25,2,0,0,0,0,10,0,0,8,0,0,0,0
SL0684,#684878,#705082,3.1,6,0,0,0,0,7,0,0,7,0,0,0,0
SL0685,#603868,#9F5FAC,25.19,4,0,14,0,0,0,0,2,0,0,0,0,0
SL0686,#704078,#9B58AA,18.76,3,0,14,0,0,0,0,2,0,0,0,0,0
SL0687,#905078,#A8608C,7.85,8,0,0,0,0,0,0,0,10,0,0,0,2
SL0688,#A06890,#C47FB0,11.71,8,0,6,0,0,0,0,6,0,0,0,0,0
SL0689,#A878D8,#79549B,20.13,2,0,15,0,0,0,0,0,0,3,0,0,0
SL0690,#A068D0,#744B98,19.6,1,0,16,0,0,0,0,0,0,3,0,0,0
SL0691,#9870B8,#6B5181,19.97,6,0,0,0,0,8,0,0,6,0,0,0,0
SL0692,#D080D8,#A867AD,14.98,5,0,12,0,0,0,0,3,0,0,0,0,0
SL0693,#B080B8,#B281B8,0.39,8,0,10,0,0,0,0,2,0,0,0,0,0
SL0694,#9860A0,#A56AB0,5.53,5,0,12,0,0,0,0,2,0,0,0,0,0
SL0695,#D878E8,#9F57A7,22.9,3,0,14,0,0,0,0,3,0,0,0,0,0
SL0696,#B068B8,#A35FAA,4.7,4,0,13,0,0,0,0,3,0,0,0,0,0
SL0697,#B058B8,#9B4FA4,8.14,2,0,14,0,0,0,0,3,0,0,0,0,0
SL0698,#9058C8,#64408D,22.72,0,0,15,0,0,2,0,0,0,3,0,0,0
SL0699,#9070C8,#674E8E,19.53,1,0,14,0,0,0,0,0,0,5,0,0,0
SL0700,#8848B8,#4B2666,32.45,2,0,0,0,0,10,0,0,8,0,0,0,0
SL0701,#9840B0,#85389C,8.03,0,0,17,0,0,0,0,1,2,0,0,0,0
SL0702,#704098,#6B3E92,3.19,0,0,16,0,0,2,0,0,0,2,0,0,0
SL0703,#8050A0,#5C3973,16.97,4,0,0,0,0,9,0,0,8,0,0,0,0
SL0704,#9050C8,#663A8F,22.19,0,0,15,0,0,4,0,0,0,1,0,0,0
SL0705,#A088B8,#9C84B2,1.98,8,0,10,0,0,0,0,0,0,2,0,0,0
SL0706,#B070A8,#B874AE,2.59,7,0,9,0,0,0,0,5,0,0,0,0,0
SL0707,#B07098,#AE6C92,2.48,9,0,0,0,0,0,0,0,9,0,0,0,2
SL0708,#B86090,#A95780,5.68,7,0,0,0,0,0,0,0,10,0,0,0,3
SL0709,#C07898,#B56E8D,4.32,9,0,0,0,0,0,0,0,8,0,0,0,3
SL0710,#D090B0,#BA839E,7.24,11,0,0,0,0,0,0,0,7,0,0,0,2
SL0711,#C07098,#AF6287,6.29,8,0,0,0,0,0,0,0,9,0,0,0,3
SL0712,#A86098,#BA6EAA,6.1,6,0,8,0,0,0,0,6,0,0,0,0,0
SL0713,#C078B0,#BF76AD,1.41,7,0,7,0,0,0,0,6,0,0,0,0,0
SL0714,#D090B8,#B381A3,9.04,11,0,0,0,0,0,0,0,8,0,0,0,1
SL0715,#E888D0,#BA6EAA,14.89,6,0,8,0,0,0,0,6,0,0,0,0,0
SL0716,#E090C0,#AE6C92,16.61,9,0,0,0,0,0,0,0,9,0,0,0,2
SL0717,#E090D0,#BB77AF,12.22,7,0,8,0,0,0,0,5,0,0,0,0,0
SL0718,#D098E0,#835F8E,27.77,8,0,0,0,0,5,0,0,8,0,0,0,0
SL0719,#D8A8E8,#8F6E98,26.81,9,0,0,0,0,4,0,0,7,0,0,0,0
SL0720,#D898C0,#B381A3,11.51,11,0,0,0,0,0,0,0,8,0,0,0,1
SL0721,#E8B8D8,#CEA1C0,8.9,12,0,4,0,0,0,0,4,0,0,0,0,0
SL0722,#E8C0D0,#CBA5B1,10.44,14,0,0,0,0,0,0,0,4,0,0,0,2
SL0723,#F8B8E0,#B98CA9,20.12,12,0,0,0,0,0,0,0,7,0,0,0,1
SL0724,#F8B8E0,#B98CA9,20.12,12,0,0,0,0,0,0,0,7,0,0,0,1
SL0725,#F0C8E0,#C5A3B6,14.64,14,0,0,0,0,0,0,0,5,0,0,0,1
SL0726,#F0C8E8,#CEAAC5,11.86,13,0,4,0,0,0,0,3,0,0,0,0,0
SL0727,#E0C8E0,#CDBACE,6.15,14,0,4,0,0,0,0,1,0,0,0,0,0
SL0728,#D0B0E0,#907A9D,22.77,10,0,0,0,0,5,0,0,5,0,0,0,0
SL0729,#D8C0F0,#A595B8,18.28,10,0,8,0,0,0,0,0,0,2,0,0,0
SL0730,#C0B8F0,#7E789C,26.69,6,0,9,0,0,0,0,0,0,5,0,0,0
SL0731,#B0A8E8,#6E6891,27.7,4,0,10,0,0,0,0,0,0,6,0,0,0
SL0732,#D8B8F0,#867096,30.1,9,0,0,0,0,6,0,0,5,0,0,0,0
SL0733,#B8A0D0,#A08DB5,8.84,9,0,9,0,0,0,0,0,0,2,0,0,0
SL0734,#B890C8,#8A6F97,17.24,9,0,0,0,0,5,0,0,6,0,0,0,0
SL0735,#C8A8E0,#867096,24.78,9,0,0,0,0,6,0,0,5,0,0,0,0
SL0736,#B888D8,#705483,29.06,6,0,0,0,0,7,0,0,6,0,0,0,0
SL0737,#E8E0F8,#B3AEC1,18.65,13,0,5,0,0,0,0,0,0,2,0,0,0
SL0738,#C8C8D8,#ACAFBC,9.74,13,0,4,0,0,0,0,0,0,3,0,0,0
SL0739,#D0C8E0,#B3AEC1,10.37,13,0,5,0,0,0,0,0,0,2,0,0,0
SL0740,#A8A0B8,#AEA6BE,1.98,12,0,6,0,0,0,0,0,0,2,0,0,0
SL0741,#A8A0C8,#8E87A8,10.57,8,0,8,0,0,0,0,0,0,4,0,0,0
SL0742,#9898D8,#585A81,28.4,2,0,10,0,0,0,0,0,0,8,0,0,0
SL0743,#A8A0D8,#737194,21.94,5,0,9,0,0,0,0,0,0,6,0,0,0
SL0744,#9880B0,#987FB0,0.39,7,0,10,0,0,0,0,0,0,2,0,0,0
SL0745,#B098D0,#907DAA,12.64,7,0,10,0,0,0,0,0,0,3,0,0,0
SL0746,#9078B8,#7C669C,9.4,4,0,12,0,0,0,0,0,0,4,0,0,0
SL0747,#8878B8,#6B5E8F,13.47,3,0,12,0,0,0,0,0,0,6,0,0,0
SL0748,#706098,#65588B,4.47,2,0,12,0,0,0,0,0,0,6,0,0,0
SL0749,#605890,#5A5083,4.3,1,0,12,0,0,0,0,0,0,7,0,0,0
SL0750,#505880,#4D5379,2.69,1,0,10,0,0,0,0,0,0,9,0,0,0
SL0751,#7070B0,#4C4A79,18.33,0,0,11,0,0,0,0,0,0,8,0,0,0
SL0752,#7878B8,#53527E,19.13,1,0,11,0,0,0,0,0,0,8,0,0,0
SL0753,#C0D8F8,#6E7B8F,35.07,9,0,0,0,0,10,0,0,0,1,0,0,0
SL0754,#A0B0D8,#656E89,26.04,8,0,0,0,0,12,0,0,0,0,0,0,0
SL0755,#98B0E8,#4F5D7A,35.32,6,0,0,0,0,13,0,0,0,1,0,0,0
SL0756,#A0A8E0,#5D6284,29.85,3,0,9,0,0,0,0,0,0,8,0,0,0
SL0757,#98A8E8,#515B7C,34.5,2,0,9,0,0,0,0,0,0,9,0,0,0
SL0758,#98B0F0,#505A7A,37.04,6,0,0,0,0,14,0,0,0,0,0,0,0
SL0759,#9898E0,#585A81,30.87,2,0,10,0,0,0,0,0,0,8,0,0,0
SL0760,#9090D8,#53527E,29.1,1,0,11,0,0,0,0,0,0,8,0,0,0
SL0761,#8878D0,#554880,26.11,0,0,13,0,0,0,0,0,0,7,0,0,0
SL0762,#7860D0,#423673,33.83,0,0,9,0,0,8,0,0,0,3,0,0,0
SL0763,#6858D0,#352C69,37.51,0,0,6,0,0,12,0,0,0,1,0,0,0
SL0764,#6058B0,#3C376E,23.94,0,0,8,0,0,8,0,0,0,4,0,0,0
SL0765,#4848A0,#2C2C63,23.05,0,0,5,0,0,13,0,0,0,2,0,0,0
SL0766,#6068B8,#383B6A,26.11,0,0,8,0,0,7,0,0,0,6,0,0,0
SL0767,#6878C8,#39406B,30.72,0,0,8,0,0,5,0,0,0,7,0,0,0
SL0768,#5868C0,#2E3563,31.44,0,0,6,0,0,10,0,0,0,5,0,0,0
SL0769,#5898F8,#1A3153,52.65,1,0,0,0,0,16,0,0,0,3,0,0,0
SL0770,#6090C8,#2E4562,33.44,3,0,0,0,0,14,0,0,0,3,0,0,0
SL0771,#2898F0,#0D3049,53.91,0,0,0,0,0,14,0,0,0,6,0,0,0
SL0772,#2880E0,#0E2A4B,49.03,0,0,0,0,0,16,0,0,0,4,0,0,0
SL0773,#3880E0,#0E2A4B,49.1,0,0,0,0,0,16,0,0,0,4,0,0,0
SL0774,#2858C8,#10244D,45.97,0,0,0,0,0,18,0,0,0,2,0,0,0
SL0775,#2858B0,#10244D,34.52,0,0,0,0,0,17,0,0,0,2,0,0,0
SL0776,#3860A8,#1B2F55,28.28,1,0,0,0,0,16,0,0,0,2,0,0,0
SL0777,#2060C8,#0F274C,44.84,0,0,0,0,0,17,0,0,0,3,0,0,0
SL0778,#3050B8,#11214E,39.0,0,0,0,0,0,19,0,0,0,1,0,0,0
SL0779,#2858C0,#10244D,41.9,0,0,0,0,0,18,0,0,0,2,0,0,0
SL0780,#302890,#1B1B51,30.82,0,0,0,0,0,18,0,0,2,0,0,0,0
SL0781,#3840B0,#1C1E54,36.65,0,0,1,0,0,18,0,0,1,0,0,0,0
SL0782,#2850B0,#10244D,36.72,0,0,0,0,0,18,0,0,0,2,0,0,0
SL0783,#384090,#21295A,20.59,0,0,3,0,0,15,0,0,0,2,0,0,0
SL0784,#4008C8,#281654,64.61,0,0,0,0,0,15,0,0,5,0,0,0,0
SL0785,#3828B8,#201A52,50.5,0,0,0,0,0,17,0,0,3,0,0,0,0
SL0786,#4040B8,#1C1E54,41.04,0,0,1,0,0,18,0,0,1,0,0,0,0
SL0787,#2820B8,#161C50,58.11,0,0,0,0,0,19,0,0,1,0,0,0,0
SL0788,#3020B0,#1B1B51,52.2,0,0,0,0,0,18,0,0,2,0,0,0,0
SL0789,#4010B0,#281654,51.57,0,0,0,0,0,15,0,0,5,0,0,0,0
SL0790,#3018A8,#201A52,49.21,0,0,0,0,0,17,0,0,3,0,0,0,0
SL0791,#301860,#281654,6.29,0,0,0,0,0,15,0,0,5,0,0,0,0
SL0792,#181888,#161C50,36.89,0,0,0,0,0,19,0,0,1,0,0,0,0
SL0793,#303078,#27275E,11.14,0,0,4,0,0,16,0,0,0,1,0,0,0
SL0794,#303098,#1B1B51,31.21,0,0,0,0,0,18,0,0,2,0,0,0,0
SL0795,#2838A0,#161C50,33.02,0,0,0,0,0,19,0,0,1,0,0,0,0
SL0796,#403898,#27215D,23.83,0,0,3,0,0,16,0,0,1,0,0,0,0
SL0797,#403078,#392C6C,5.31,0,0,7,0,0,12,0,0,0,1,0,0,0
SL0798,#503888,#443075,7.61,0,0,9,0,0,10,0,0,0,1,0,0,0
SL0799,#184898,#0F274C,28.97,0,0,0,0,0,17,0,0,0,3,0,0,0
SL0800,#3820A8,#201A52,45.65,0,0,0,0,0,17,0,0,3,0,0,0,0
SL0801,#183848,#1A4052,3.83,0,0,3,0,0,7,0,0,0,10,0,0,0
SL0802,#202838,#3D4B6D,18.7,4,0,0,0,0,14,0,0,0,1,0,0,0
SL0803,#203840,#335864,13.85,1,0,6,0,0,0,0,0,0,13,0,0,0
SL0804,#284878,#1A3153,12.75,1,0,0,0,0,16,0,0,0,3,0,0,0
SL0805,#284078,#1C2C56,12.15,1,0,0,0,0,17,0,0,0,1,0,0,0
SL0806,#085088,#0D3049,22.96,0,0,0,0,0,14,0,0,0,6,0,0,0
SL0807,#185878,#10374C,15.76,0,0,1,0,0,11,0,0,0,8,0,0,0
SL0808,#607898,#4E6079,10.63,6,0,0,0,0,12,0,0,0,2,0,0,0
SL0809,#3060A0,#1A3153,25.84,1,0,0,0,0,16,0,0,0,3,0,0,0
SL0810,#4868A0,#2F4263,20.6,3,0,0,0,0,15,0,0,0,2,0,0,0
SL0811,#286090,#173651,21.67,0,0,2,0,0,11,0,0,0,7,0,0,0
SL0812,#5060A8,#2E3A63,23.59,0,0,6,0,0,8,0,0,0,6,0,0,0
SL0813,#507098,#394F69,15.56,4,0,0,0,0,13,0,0,0,3,0,0,0
SL0814,#606088,#636189,0.9,3,0,10,0,0,0,0,0,0,7,0,0,0
SL0815,#606080,#686A8C,3.96,4,0,9,0,0,0,0,0,0,7,0,0,0
SL0816,#8898B8,#647188,16.08,8,0,0,0,0,11,0,0,0,1,0,0,0
SL0817,#586888,#4F5D7A,5.09,6,0,0,0,0,13,0,0,0,1,0,0,0
SL0818,#607080,#67788A,3.37,8,0,0,0,0,9,0,0,0,2,0,0,0
SL0819,#586888,#4F5D7A,5.09,6,0,0,0,0,13,0,0,0,1,0,0,0
SL0820,#586880,#55667E,1.15,7,0,0,0,0,12,0,0,0,2,0,0,0
SL0821,#587080,#546D7C,1.48,4,0,6,0,0,0,0,0,0,10,0,0,0
SL0822,#588090,#496674,10.35,3,0,6,0,0,0,0,0,0,11,0,0,0
SL0823,#6888A8,#465C72,18.36,5,0,0,0,0,11,0,0,0,3,0,0,0
SL0824,#608098,#4C6476,11.51,3,0,7,0,0,0,0,0,0,11,0,0,0
SL0825,#5080A0,#304F63,20.89,0,0,7,0,0,0,0,0,0,12,0,0,0
SL0826,#88B0D8,#4D6378,31.41,6,0,0,0,0,11,0,0,0,3,0,0,0
SL0827,#88B0D8,#4D6378,31.41,6,0,0,0,0,11,0,0,0,3,0,0,0
SL0828,#7090B8,#435970,23.67,5,0,0,0,0,12,0,0,0,3,0,0,0
SL0829,#4888B0,#24475A,28.67,0,0,5,0,0,4,0,0,0,11,0,0,0
SL0830,#80C0E0,#3E5F6C,38.32,2,0,6,0,0,0,0,0,0,12,0,0,0
SL0831,#48B8E0,#194351,48.0,0,0,3,0,0,6,0,0,0,11,0,0,0
SL0832,#60B0E8,#26465C,45.43,0,0,5,0,0,4,0,0,0,10,0,0,0
SL0833,#38A0D0,#153C4F,43.18,0,0,2,0,0,9,0,0,0,9,0,0,0
SL0834,#38B0E8,#153A4F,50.37,0,0,2,0,0,10,0,0,0,9,0,0,0
SL0835,#2898D0,#11364C,43.92,0,0,1,0,0,12,0,0,0,8,0,0,0
SL0836,#20A0D0,#0A3747,46.03,0,0,0,0,0,11,0,0,0,8,0,0,0
SL0837,#68B8F8,#25445B,49.97,0,0,5,0,0,5,0,0,0,10,0,0,0
SL0838,#70B0E8,#2D4861,43.88,3,0,0,0,0,13,0,0,0,4,0,0,0
SL0839,#80A8E0,#445671,35.28,5,0,0,0,0,13,0,0,0,2,0,0,0
SL0840,#98B8D8,#586D7F,29.75,7,0,0,0,0,10,0,0,0,3,0,0,0
SL0841,#98B8F0,#4F5D7A,37.72,6,0,0,0,0,13,0,0,0,1,0,0,0
SL0842,#A0C0F0,#4E6079,38.73,6,0,0,0,0,12,0,0,0,2,0,0,0
SL0843,#B0B0E0,#787997,23.38,6,0,8,0,0,0,0,0,0,6,0,0,0
SL0844,#A0A0C8,#787997,16.27,6,0,8,0,0,0,0,0,0,6,0,0,0
SL0845,#98B8E0,#596A80,31.35,7,0,0,0,0,11,0,0,0,2,0,0,0
SL0846,#88C0D0,#4E6F77,30.97,4,0,5,0,0,0,0,0,0,11,0,0,0
SL0847,#B0B8E0,#717A92,25.52,6,0,7,0,0,0,0,0,0,7,0,0,0
SL0848,#B8B0D0,#9E96B3,9.98,10,0,7,0,0,0,0,0,0,3,0,0,0
SL0849,#D0B8D0,#CDBACE,2.16,14,0,4,0,0,0,0,1,0,0,0,0,0
SL0850,#D0B0B8,#D1B1B7,0.68,15,0,0,0,0,0,0,0,3,0,0,0,2
SL0851,#D0C0C8,#D1BCC4,2.25,17,0,0,0,0,0,0,0,3,0,0,0,1
SL0852,#C8B8C8,#D2C2D1,3.65,15,0,3,0,0,0,0,1,0,0,0,0,0
SL0853,#D8C0C0,#D7BCBD,1.73,16,0,0,0,0,0,0,0,2,0,0,0,2
SL0854,#C8B0B0,#D7BCBD,4.8,16,0,0,0,0,0,0,0,2,0,0,0,2
SL0855,#C8C0C8,#D7CCD5,4.74,17,0,2,0,0,0,0,1,0,0,0,0,0
SL0856,#B8B0A8,#E2DCD4,15.72,18,0,0,0,0,0,0,0,0,0,0,0,1
SL0857,#D0B8B8,#D7BCBD,2.12,16,0,0,0,0,0,0,0,2,0,0,0,2
SL0858,#C0B8C0,#D7CCD5,7.6,17,0,2,0,0,0,0,1,0,0,0,0,0
SL0859,#B0A8A8,#DCD1CF,15.22,18,0,0,0,0,0,0,0,1,0,0,0,1
SL0860,#B8B0C0,#B4AEBC,1.61,14,0,0,0,0,3,0,0,2,0,0,0,0
SL0861,#C8C0C8,#D7CCD5,4.74,17,0,2,0,0,0,0,1,0,0,0,0,0
SL0862,#C0B0C0,#CEBCCF,4.94,15,0,4,0,0,0,0,1,0,0,0,0,0
SL0863,#B0B0C8,#9898AE,9.44,10,0,6,0,0,0,0,0,0,4,0,0,0
SL0864,#C0B0C0,#CEBCCF,4.94,15,0,4,0,0,0,0,1,0,0,0,0,0
SL0865,#E8E0E0,#DCD1CF,5.52,18,0,0,0,0,0,0,0,1,0,0,0,1
SL0866,#F0F0F0,#DCDEDD,6.77,19,0,1,0,0,0,0,0,0,0,0,0,0
SL0867,#E8E0E8,#D7CCD5,6.97,17,0,2,0,0,0,0,1,0,0,0,0,0
SL0868,#E0D8E0,#D7CCD5,4.21,17,0,2,0,0,0,0,1,0,0,0,0,0
SL0869,#E0E8E8,#CBD1D1,8.37,17,0,0,0,0,2,0,0,0,0,0,0,0
SL0870,#D0D0D8,#C8C6CF,3.89,16,0,3,0,0,0,0,0,0,1,0,0,0
SL0871,#C8D0D8,#B1B8BF,8.99,14,0,3,0,0,0,0,0,0,3,0,0,0
SL0872,#D0D0D0,#DCDEDD,4.57,19,0,1,0,0,0,0,0,0,0,0,0,0
SL0873,#C0D8F0,#788896,30.22,10,0,0,0,0,8,0,0,0,2,0,0,0
SL0874,#D0D0E8,#A5A4B7,16.67,11,0,5,0,0,0,0,0,0,3,0,0,0
SL0875,#A0A8C0,#818A9D,12.02,8,0,6,0,0,0,0,0,0,6,0,0,0
SL0876,#A0A8D0,#6D728F,21.69,5,0,8,0,0,0,0,0,0,7,0,0,0
SL0877,#98A8C0,#798597,13.96,10,0,0,0,0,9,0,0,0,1,0,0,0
SL0878,#A0B0D0,#6E7B8F,21.33,9,0,0,0,0,10,0,0,0,1,0,0,0
SL0879,#A0B0C0,#838F9E,12.63,11,0,0,0,0,8,0,0,0,1,0,0,0
SL0880,#A8C0C0,#94ABA9,7.94,12,0,2,0,0,0,0,0,0,6,0,0,0
SL0881,#C0E0E8,#7F939B,27.76,9,0,4,0,0,0,0,0,0,7,0,0,0
SL0882,#D8E0E8,#B1B8BF,14.67,14,0,3,0,0,0,0,0,0,3,0,0,0
SL0883,#B0C0C8,#97A6AB,10.01,13,0,0,0,0,5,0,0,0,2,0,0,0
SL0884,#C8E0E0,#9FB2B1,16.41,13,0,2,0,0,0,0,0,0,5,0,0,0
SL0885,#C0D8E0,#8B9FA3,20.94,10,0,3,0,0,0,0,0,0,6,0,0,0
SL0886,#D8F0F0,#9FB2B1,22.02,13,0,2,0,0,0,0,0,0,5,0,0,0
SL0887,#C0E0E8,#7F939B,27.76,9,0,4,0,0,0,0,0,0,7,0,0,0
SL0888,#B8C8C8,#ABB9B9,5.4,14,0,2,0,0,0,0,0,0,4,0,0,0
SL0889,#A8E0E0,#628685,32.66,7,0,3,0,0,0,0,0,0,10,0,0,0
SL0890,#B8D8F0,#6C818D,32.88,9,0,0,0,0,8,0,0,0,3,0,0,0
SL0891,#A0D8E8,#59767F,36.59,5,0,5,0,0,0,0,0,0,10,0,0,0
SL0892,#A0C8D8,#647D87,28.22,6,0,5,0,0,0,0,0,0,9,0,0,0
SL0893,#98B8C0,#748C93,16.3,8,0,4,0,0,0,0,0,0,8,0,0,0
SL0894,#A0B0B0,#9FB2B1,1.32,13,0,2,0,0,0,0,0,0,5,0,0,0
SL0895,#A0C0C8,#748C93,19.19,8,0,4,0,0,0,0,0,0,8,0,0,0
SL0896,#A8C0B8,#A4BAB4,2.38,14,0,1,0,0,0,0,0,0,5,0,0,0
SL0897,#C8B8B0,#E3D3CA,9.67,18,0,0,0,0,0,0,0,0,0,0,0,2
SL0898,#D8D8C0,#D7D8C2,1.64,17,0,0,0,0,0,0,0,0,1,0,2,0
SL0899,#D8D0B8,#E2DBC0,3.79,17,0,0,0,0,0,0,0,0,0,0,3,0
SL0900,#C0C0A8,#D7D4B7,7.48,16,0,0,0,0,0,0,0,0,1,0,3,0
SL0901,#D0C098,#E4D4AA,6.81,15,0,0,0,0,0,0,0,0,0,0,5,0
SL0902,#C0C8A0,#B6BB94,4.64,12,0,0,0,0,0,0,0,0,4,0,4,0
SL0903,#B8B098,#E2DBC0,15.17,17,0,0,0,0,0,0,0,0,0,0,3,0
SL0904,#B8C0B0,#CBD4C5,7.16,17,0,0,0,0,0,0,0,0,2,0,1,0
SL0905,#A8C0B0,#A9BFAC,1.77,14,0,0,0,0,0,0,0,0,5,0,1,0
SL0906,#A0B0A0,#B4C6B4,7.96,15,0,0,0,0,0,0,0,0,4,0,1,0
SL0907,#A8C0A8,#9EB8A4,3.69,13,0,0,0,0,0,0,0,0,6,0,1,0
SL0908,#98A880,#A0AD84,2.13,10,0,0,0,0,0,0,0,0,6,0,4,0
SL0909,#A8C0A0,#9BB295,5.67,11,0,0,0,0,0,0,0,0,6,0,2,0
SL0910,#88A088,#93AD91,5.11,11,0,0,0,0,0,0,0,0,7,0,2,0
SL0911,#889088,#C9D7CF,25.87,17,0,0,0,0,0,0,0,0,2,0,0,0
SL0912,#90A0A8,#8C9CA4,1.92,12,0,0,0,0,6,0,0,0,2,0,0,0
SL0913,#70F860,#2D6330,71.68,0,0,0,0,0,0,0,0,0,16,4,0,0
SL0914,#60F058,#2D6330,70.47,0,0,0,0,0,0,0,0,0,16,4,0,0
SL0915,#60F078,#2D6330,62.52,0,0,0,0,0,0,0,0,0,16,4,0,0
SL0916,#40F870,#226033,72.87,0,0,0,0,0,0,0,0,0,17,3,0,0
SL0917,#00E848,#0B5C39,81.44,0,0,0,0,0,0,0,0,0,19,1,0,0
SL0918,#B0E060,#5E7832,45.25,1,0,0,0,0,0,0,0,0,12,0,7,0
SL0919,#D8F868,#6F8038,52.22,2,0,0,0,0,0,0,0,0,11,0,8,0
SL0920,#C0E898,#7E9460,32.1,6,0,0,0,0,0,0,0,0,9,0,5,0
SL0921,#A8E098,#678A5B,33.0,5,0,0,0,0,0,0,0,0,11,0,4,0
SL0922,#B0D898,#7E986B,24.8,7,0,0,0,0,0,0,0,0,9,0,4,0
SL0923,#B0D888,#738D58,29.28,5,0,0,0,0,0,0,0,0,10,0,5,0
SL0924,#A8E098,#678A5B,33.0,5,0,0,0,0,0,0,0,0,11,0,4,0
SL0925,#C0E0A0,#899F73,25.12,8,0,0,0,0,0,0,0,0,8,0,4,0
SL0926,#D0E8B8,#9FB18E,20.58,11,0,0,0,0,0,0,0,0,6,0,3,0
SL0927,#D0F0A0,#839866,34.13,7,0,0,0,0,0,0,0,0,9,0,5,0
SL0928,#B8F0B8,#779873,32.22,8,0,0,0,0,0,0,0,0,10,0,3,0
SL0929,#90C8D0,#52777A,30.19,5,0,4,0,0,0,0,0,0,11,0,0,0
SL0930,#90C8C8,#5C8180,26.16,6,0,3,0,0,0,0,0,0,10,0,0,0
SL0931,#80B8B8,#577F7D,21.32,6,0,3,0,0,0,0,0,0,11,0,0,0
SL0932,#80D0D8,#3F6A6C,38.63,3,0,4,0,0,0,0,0,0,12,0,0,0
SL0933,#98E0D8,#577F7D,35.46,6,0,3,0,0,0,0,0,0,11,0,0,0
SL0934,#A8D8D0,#789A94,22.68,10,0,2,0,0,0,0,0,0,9,0,0,0
SL0935,#B0D8D8,#799596,24.56,9,0,3,0,0,0,0,0,0,8,0,0,0
SL0936,#C0E0D8,#99B3AC,16.02,13,0,1,0,0,0,0,0,0,6,0,0,0
SL0937,#B0E8D0,#7CA796,23.6,11,0,0,0,0,0,0,0,0,9,0,0,0
SL0938,#C0E8C8,#8FAE98,20.9,11,0,0,0,0,0,0,0,0,7,0,1,0
SL0939,#B0E0C0,#83A790,20.93,10,0,0,0,0,0,0,0,0,8,0,1,0
SL0940,#98E0D0,#628C84,30.71,8,0,2,0,0,0,0,0,0,11,0,0,0
SL0941,#90E0D8,#4C7875,38.15,5,0,3,0,0,0,0,0,0,12,0,0,0
SL0942,#88E0D0,#518178,35.4,6,0,2,0,0,0,0,0,0,12,0,0,0
SL0943,#98D8C8,#669387,24.92,8,0,1,0,0,0,0,0,0,10,0,0,0
SL0944,#78D8C8,#3D746A,37.56,4,0,2,0,0,0,0,0,0,13,0,0,0
SL0945,#60E0B8,#2F775F,40.25,4,0,0,0,0,0,0,0,0,15,0,0,0
SL0946,#60E0C8,#2F6C5F,44.59,3,0,2,0,0,0,0,0,0,15,0,0,0
SL0947,#48E8A8,#226A4A,50.39,2,0,0,0,0,0,0,0,0,17,0,1,0
SL0948,#60D8A8,#2F775F,38.39,4,0,0,0,0,0,0,0,0,15,0,0,0
SL0949,#68D0B0,#3F7B6A,33.26,5,0,1,0,0,0,0,0,0,14,0,0,0
SL0950,#18D0B0,#095144,51.22,0,0,1,0,0,2,0,0,0,16,0,0,0
SL0951,#00A8A0,#054742,39.71,0,0,0,0,0,6,0,0,0,14,0,0,0
SL0952,#58A888,#44836D,14.86,6,0,0,0,0,0,0,0,0,14,0,0,0
SL0953,#20A888,#175D4E,31.75,1,0,2,0,0,0,0,0,0,18,0,0,0
SL0954,#089878,#03503F,30.52,0,0,0,0,0,3,0,0,0,17,0,0,0
SL0955,#108068,#075542,18.5,0,0,1,0,0,1,0,0,0,18,0,0,0
SL0956,#184848,#1B5152,3.5,0,0,4,0,0,1,0,0,0,15,0,0,0
SL0957,#187878,#11484B,20.42,0,0,2,0,0,5,0,0,0,14,0,0,0
SL0958,#087890,#093C46,26.93,0,0,0,0,0,10,0,0,0,10,0,0,0
SL0959,#10B8A8,#054941,44.97,0,0,0,0,0,5,0,0,0,14,0,0,0
SL0960,#10B0B8,#074144,45.18,0,0,0,0,0,8,0,0,0,12,0,0,0
SL0961,#207888,#12434C,22.87,0,0,2,0,0,7,0,0,0,12,0,0,0
SL0962,#207860,#1D6652,8.27,2,0,1,0,0,0,0,0,0,17,0,0,0
SL0963,#008048,#00593C,22.27,0,0,0,0,0,0,0,0,0,20,0,0,0
SL0964,#009058,#00593C,27.06,0,0,0,0,0,0,0,0,0,20,0,0,0
SL0965,#00B870,#00593C,44.32,0,0,0,0,0,0,0,0,0,20,0,0,0
SL0966,#085848,#085243,3.33,0,0,1,0,0,2,0,0,0,17,0,0,0
SL0967,#204020,#316731,20.32,0,0,0,0,0,0,0,0,0,15,0,4,0
SL0968,#204820,#2D6330,12.63,0,0,0,0,0,0,0,0,0,16,4,0,0
SL0969,#184028,#23673F,18.69,1,0,0,0,0,0,0,0,0,17,0,2,0
SL0970,#182820,#4F876B,40.85,6,0,0,0,0,0,0,0,0,13,0,1,0
SL0971,#183020,#39754F,31.18,3,0,0,0,0,0,0,0,0,15,0,2,0
SL0972,#203028,#66957B,41.53,8,0,0,0,0,0,0,0,0,11,0,1,0
SL0973,#183028,#44836D,35.62,6,0,0,0,0,0,0,0,0,14,0,0,0
SL0974,#203828,#447C58,29.93,4,0,0,0,0,0,0,0,0,14,0,2,0
SL0975,#486050,#719C83,23.1,9,0,0,0,0,0,0,0,0,10,0,1,0
SL0976,#506050,#93AD91,29.84,11,0,0,0,0,0,0,0,0,7,0,2,0
SL0977,#405030,#6D8851,24.82,4,0,0,0,0,0,0,0,0,10,0,5,0
SL0978,#485020,#748238,22.7,2,0,0,0,0,0,0,0,0,10,0,8,0
SL0979,#585838,#A4A569,32.5,8,0,0,0,0,0,0,0,0,6,0,7,0
SL0980,#485030,#859357,29.56,5,0,0,0,0,0,0,0,0,8,0,6,0
SL0981,#486030,#5D7B3D,12.71,2,0,0,0,0,0,0,0,0,12,0,6,0
SL0982,#587850,#678A5B,7.28,5,0,0,0,0,0,0,0,0,11,0,4,0
SL0983,#608850,#5C7F48,4.17,3,0,0,0,0,0,0,0,0,12,0,5,0
SL0984,#587828,#4F6A27,8.01,0,0,0,0,0,0,0,0,0,13,7,0,0
SL0985,#506828,#577229,5.48,0,0,0,0,0,0,0,0,0,12,0,7,0
SL0986,#708830,#5E7427,9.53,0,0,0,0,0,0,0,0,0,12,0,8,0
SL0987,#788828,#657021,12.25,0,0,0,0,0,0,0,0,0,11,9,0,0
SL0988,#98A820,#70721E,28.37,0,0,0,0,0,0,0,0,0,10,10,0,0
SL0989,#88B050,#5E7832,24.13,1,0,0,0,0,0,0,0,0,12,0,7,0
SL0990,#80A858,#638045,17.36,3,0,0,0,0,0,0,0,0,12,0,6,0
SL0991,#A0B070,#8A975E,9.44,6,0,0,0,0,0,0,0,0,8,0,6,0
SL0992,#70C090,#508360,24.02,5,0,0,0,0,0,0,0,0,13,0,2,0
SL0993,#98B888,#7D9B76,11.53,8,0,0,0,0,0,0,0,0,9,0,3,0
SL0994,#808860,#A0A979,12.95,9,0,0,0,0,0,0,0,0,6,0,5,0
SL0995,#788060,#A0AD84,16.82,10,0,0,0,0,0,0,0,0,6,0,4,0
SL0996,#889870,#94A67B,4.88,9,0,0,0,0,0,0,0,0,7,0,4,0
SL0997,#988860,#D9C58C,23.96,12,0,0,0,0,0,0,0,0,1,0,7,0
SL0998,#909058,#A1A263,6.88,7,0,0,0,0,0,0,0,0,6,0,7,0
SL0999,#889070,#ABB48C,13.44,11,0,0,0,0,0,0,0,0,5,0,4,0
SL1000,#889850,#7F8D4B,5.2,4,0,0,0,0,0,0,0,0,9,0,7,0
SL1001,#98A840,#757E2D,18.09,1,0,0,0,0,0,0,0,0,10,0,9,0
SL1002,#A09838,#938B32,5.49,2,0,0,0,0,0,0,0,0,7,0,10,0
SL1003,#B8A040,#AE9A40,4.13,4,0,0,0,0,0,0,0,0,5,0,11,0
SL1004,#B8C058,#808940,24.59,3,0,0,0,0,0,0,0,0,9,0,8,0
SL1005,#B0A858,#A29A4E,5.31,5,0,0,0,0,0,0,0,0,6,0,9,0
SL1006,#C0B838,#8C8528,23.86,1,0,0,0,0,0,0,0,0,8,0,11,0
SL1007,#D8D870,#969750,27.4,5,0,0,0,0,0,0,0,0,7,0,8,0
SL1008,#D0D088,#ACA96B,14.9,8,0,0,0,0,0,0,0,0,5,0,7,0
SL1009,#F8F0C8,#D8D0AD,11.41,15,0,0,0,0,0,0,0,0,1,0,4,0
SL1010,#E8F0A0,#A0A66E,28.51,8,0,0,0,0,0,0,0,0,6,0,6,0
SL1011,#E0E8A8,#ABB081,21.03,10,0,0,0,0,0,0,0,0,5,0,5,0
SL1012,#F0F0A0,#ACAD76,26.63,9,0,0,0,0,0,0,0,0,5,0,6,0
SL1013,#F0F098,#A4A569,29.22,8,0,0,0,0,0,0,0,0,6,0,7,0
SL1014,#F8E880,#ADA156,28.05,6,0,0,0,0,0,0,0,0,5,0,9,0
SL1015,#F0E870,#979345,35.47,4,0,0,0,0,0,0,0,0,7,0,9,0
SL1016,#F8F038,#7C741B,57.79,0,0,0,0,0,0,0,0,0,9,11,0,0
SL1017,#E8E830,#7C741B,54.9,0,0,0,0,0,0,0,0,0,9,11,0,0
SL1018,#F8F040,#817E1F,52.53,0,0,0,0,0,0,0,0,0,9,0,11,0
SL1019,#F8E878,#ADA156,29.69,6,0,0,0,0,0,0,0,0,5,0,9,0
SL1020,#F8D030,#A48C22,34.12,1,0,0,0,0,0,0,0,0,6,0,13,0
SL1021,#F8D838,#A48C22,35.49,1,0,0,0,0,0,0,0,0,6,0,13,0
SL1022,#D8C828,#7C741B,41.89,0,0,0,0,0,0,0,0,0,9,11,0,0
SL1023,#F8D800,#A97E0F,43.91,0,0,0,0,0,0,0,0,0,5,15,0,0
SL1024,#F8D000,#A97E0F,40.53,0,0,0,0,0,0,0,0,0,5,15,0,0
SL1025,#F8E080,#C4B066,20.21,8,0,0,0,0,0,0,0,0,3,0,9,0
SL1026,#F0E078,#ADA156,25.64,6,0,0,0,0,0,0,0,0,5,0,9,0
SL1027,#F8D888,#DABE77,10.49,10,0,0,0,0,0,0,0,0,1,0,9,0
SL1028,#F8D080,#E6C174,5.75,10,0,0,0,0,0,0,0,0,0,0,10,0
SL1029,#F8D888,#DABE77,10.49,10,0,0,0,0,0,0,0,0,1,0,9,0
SL1030,#F8E080,#C4B066,20.21,8,0,0,0,0,0,0,0,0,3,0,9,0
SL1031,#F8D070,#DBB661,10.51,8,0,0,0,0,0,0,0,0,1,0,11,0
SL1032,#F8D068,#D0AF59,14.47,7,0,0,0,0,0,0,0,0,2,0,11,0
SL1033,#F8D050,#BA9D3E,23.63,4,0,0,0,0,0,0,0,0,4,0,12,0
SL1034,#F8C858,#DCAF4B,10.75,6,0,0,0,0,0,0,0,0,1,0,13,0
SL1035,#F8C038,#D2A02E,14.7,3,0,0,0,0,0,0,0,0,2,0,15,0
SL1036,#F8C840,#C69D30,19.42,3,0,0,0,0,0,0,0,0,3,0,14,0
SL1037,#F8D040,#AF932B,28.49,2,0,0,0,0,0,0,0,0,5,0,13,0
SL1038,#F8D030,#A48C22,34.12,1,0,0,0,0,0,0,0,0,6,0,13,0
SL1039,#F8B828,#D29D23,14.38,2,0,0,0,0,0,0,0,0,2,0,16,0
SL1040,#F8C840,#C69D30,19.42,3,0,0,0,0,0,0,0,0,3,0,14,0
SL1041,#F8A040,#EA983C,5.05,5,0,0,0,0,0,0,0,0,0,0,11,4
SL1042,#F8B050,#E9A74B,5.16,6,0,0,0,0,0,0,0,0,0,0,11,2
SL1043,#F8B048,#E9A748,6.55,6,0,0,0,0,0,0,0,0,0,0,12,2
SL1044,#F88808,#ED7F06,4.51,0,0,0,0,0,0,0,0,0,0,0,15,5
SL1045,#F8A040,#EA983C,5.05,5,0,0,0,0,0,0,0,0,0,0,11,4
SL1046,#F8A048,#EA9644,5.25,6,0,0,0,0,0,0,0,0,0,0,10,5
SL1047,#F8A848,#E9A148,5.66,6,0,0,0,0,0,0,0,0,0,0,11,3
SL1048,#F8B070,#E8A668,5.05,9,0,0,0,0,0,0,0,0,0,0,7,4
SL1049,#F8B880,#E7AA72,5.38,10,0,0,0,0,0,0,0,0,0,0,6,4
SL1050,#F8C898,#E6B788,6.16,12,0,0,0,0,0,0,0,0,0,0,5,3
SL1051,#F8D098,#E6BD89,7.19,12,0,0,0,0,0,0,0,0,0,0,6,2
SL1052,#F8C880,#E6BD79,5.81,10,0,0,0,0,0,0,0,0,0,0,8,1
SL1053,#E8C088,#E6BB83,2.05,12,0,0,0,0,0,0,0,0,0,0,7,2
SL1054,#F0B050,#E9A748,3.67,6,0,0,0,0,0,0,0,0,0,0,12,2
SL1055,#F8B058,#E9A552,5.53,7,0,0,0,0,0,0,0,0,0,0,10,3
SL1056,#F8A850,#E99B47,5.09,6,0,0,0,0,0,0,0,0,0,0,10,4
SL1057,#F8A070,#E99566,4.8,9,0,0,0,0,0,0,0,0,0,0,4,7
SL1058,#F89878,#E98D70,4.78,10,0,0,0,0,0,0,0,0,0,0,1,9
SL1059,#F89870,#E98F6B,4.93,9,0,0,0,0,0,0,0,0,0,0,2,8
SL1060,#F8A070,#E99566,4.8,9,0,0,0,0,0,0,0,0,0,0,4,7
SL1061,#F89870,#E98F6B,4.93,9,0,0,0,0,0,0,0,0,0,0,2,8
SL1062,#F8A068,#E99B67,5.83,9,0,0,0,0,0,0,0,0,0,0,5,6
SL1063,#F8A870,#E99B67,5.46,9,0,0,0,0,0,0,0,0,0,0,5,6
SL1064,#F88860,#EA805A,4.33,8,0,0,0,0,0,0,0,0,0,0,2,10
SL1065,#F88858,#EB8154,4.5,7,0,0,0,0,0,0,0,0,0,0,3,9
SL1066,#F89058,#EA8850,4.16,7,0,0,0,0,0,0,0,0,0,0,5,8
SL1067,#F88040,#EC793D,4.46,5,0,0,0,0,0,0,0,0,0,0,5,9
SL1068,#F88840,#EB803B,3.97,5,0,0,0,0,0,0,0,0,0,0,7,8
SL1069,#F87038,#ED6C37,4.24,5,0,0,0,0,0,0,0,0,0,0,4,12
SL1070,#E86830,#ED6931,1.62,4,0,0,0,0,0,0,0,0,0,0,4,11
SL1071,#F07038,#EC6F3A,1.92,5,0,0,0,0,0,0,0,0,0,0,4,11
SL1072,#E06848,#EC714F,3.43,7,0,0,0,0,0,0,0,0,0,0,1,12
SL1073,#E86048,#E66048,0.85,6,0,0,0,0,0,0,0,1,0,0,0,13
SL1074,#F86038,#ED5E38,4.54,5,0,0,0,0,0,0,0,0,0,0,1,14
SL1075,#F85038,#E14B37,8.86,4,0,0,0,0,0,0,0,2,0,0,0,14
SL1076,#F86838,#ED6439,4.44,5,0,0,0,0,0,0,0,0,0,0,2,13
SL1077,#E85848,#E05442,2.49,5,0,0,0,0,0,0,0,2,0,0,0,13
SL1078,#E04030,#DB3F31,2.09,3,0,0,0,0,0,0,0,3,0,0,0,14
SL1079,#F04040,#CE3B3B,13.29,3,0,0,0,0,0,0,0,5,0,0,0,12
SL1080,#F04840,#D53D36,8.83,3,0,0,0,0,0,0,0,4,0,0,0,13
SL1081,#E03028,#D52A21,3.61,1,0,0,0,0,0,0,0,4,0,0,0,14
SL1082,#D04838,#E04C3A,6.44,4,0,0,0,0,0,0,0,2,0,0,0,13
SL1083,#D83028,#D6342A,2.28,2,0,0,0,0,0,0,0,4,0,0,0,14
SL1084,#F03030,#C92629,14.64,1,0,0,0,0,0,0,0,6,0,0,0,13
SL1085,#D82028,#C31B23,7.41,0,0,0,0,0,0,0,0,7,0,0,0,13
SL1086,#F83030,#C92629,17.96,1,0,0,0,0,0,0,0,6,0,0,0,13
SL1087,#F84858,#C13745,18.58,3,0,0,0,0,0,0,0,7,0,0,0,10
SL1088,#F84060,#B6324B,22.82,3,0,0,0,0,0,0,0,9,0,0,0,9
SL1089,#E83020,#DC2C1C,4.19,1,0,0,0,0,0,0,0,3,0,0,0,15
SL1090,#E84040,#CE3B3B,9.88,3,0,0,0,0,0,0,0,5,0,0,0,12
SL1091,#F83828,#DC3625,10.82,2,0,0,0,0,0,0,0,3,0,0,0,15
SL1092,#F04028,#E33820,4.03,2,0,0,0,0,0,0,0,2,0,0,0,16
SL1093,#F85038,#E14B37,8.86,4,0,0,0,0,0,0,0,2,0,0,0,14
SL1094,#F85050,#CD4546,15.06,4,0,0,0,0,0,0,0,5,0,0,0,11
SL1095,#F87058,#E56953,6.46,7,0,0,0,0,0,0,0,1,0,0,0,12
SL1096,#F87880,#CB6167,13.93,7,0,0,0,0,0,0,0,5,0,0,0,8
SL1097,#F88890,#CA6A73,14.19,8,0,0,0,0,0,0,0,5,0,0,0,7
SL1098,#F89090,#D57C7A,10.82,9,0,0,0,0,0,0,0,3,0,0,0,7
SL1099,#F89888,#E28F80,7.37,11,0,0,0,0,0,0,0,1,0,0,0,8
SL1100,#F85838,#EE5838,4.81,5,0,0,0,0,0,0,0,0,0,0,0,15
SL1101,#F84838,#DB3F31,9.78,3,0,0,0,0,0,0,0,3,0,0,0,14
SL1102,#F83818,#EA3111,4.16,1,0,0,0,0,0,0,0,1,0,0,0,17
SL1103,#F88048,#EC7945,4.36,6,0,0,0,0,0,0,0,0,0,0,4,10
SL1104,#F87038,#ED6C37,4.24,5,0,0,0,0,0,0,0,0,0,0,4,12
SL1105,#F87040,#ED6A39,3.49,5,0,0,0,0,0,0,0,0,0,0,3,12
SL1106,#F87040,#ED6A39,3.49,5,0,0,0,0,0,0,0,0,0,0,3,12
SL1107,#F87840,#EC6F3A,3.68,5,0,0,0,0,0,0,0,0,0,0,4,11
SL1108,#F06828,#ED6525,1.06,3,0,0,0,0,0,0,0,0,0,0,5,11
SL1109,#F87048,#EC6B47,4.67,6,0,0,0,0,0,0,0,0,0,0,1,12
SL1110,#E85828,#EE5D2C,1.78,4,0,0,0,0,0,0,0,0,0,0,3,14
SL1111,#F05838,#EE5838,1.32,5,0,0,0,0,0,0,0,0,0,0,0,15
SL1112,#E86028,#ED662E,1.9,4,0,0,0,0,0,0,0,0,0,0,4,12
SL1113,#E86828,#ED6824,3.31,3,0,0,0,0,0,0,0,0,0,0,6,11
SL1114,#D86030,#ED6C37,6.62,5,0,0,0,0,0,0,0,0,0,0,4,12
SL1115,#F07020,#ED7023,2.29,3,0,0,0,0,0,0,0,0,0,0,8,10
SL1116,#E87040,#EC7344,1.33,6,0,0,0,0,0,0,0,0,0,0,3,11
SL1117,#E87840,#EB7A42,1.02,6,0,0,0,0,0,0,0,0,0,0,5,10
SL1118,#F05830,#EE552D,1.38,4,0,0,0,0,0,0,0,0,0,0,1,15
SL1119,#F05830,#EE552D,1.38,4,0,0,0,0,0,0,0,0,0,0,1,15
SL1120,#E05028,#EE582B,4.81,4,0,0,0,0,0,0,0,0,0,0,2,15
SL1121,#D8A880,#E6B188,4.22,12,0,0,0,0,0,0,0,0,0,0,4,4
SL1122,#E8A870,#E7AA72,1.46,10,0,0,0,0,0,0,0,0,0,0,6,4
SL1123,#C89070,#E8A27C,9.98,11,0,0,0,0,0,0,0,0,0,0,3,6
SL1124,#D09068,#E89E72,7.77,10,0,0,0,0,0,0,0,0,0,0,4,6
SL1125,#E09860,#E8A167,2.92,9,0,0,0,0,0,0,0,0,0,0,6,5
SL1126,#D89060,#E99B67,5.25,9,0,0,0,0,0,0,0,0,0,0,5,6
SL1127,#C87838,#EA9046,11.16,6,0,0,0,0,0,0,0,0,0,0,8,6
SL1128,#D89840,#E9A748,5.8,6,0,0,0,0,0,0,0,0,0,0,12,2
SL1129,#E0B860,#DBB661,2.22,8,0,0,0,0,0,0,0,0,1,0,11,0
SL1130,#B09058,#E6BB74,18.57,10,0,0,0,0,0,0,0,0,0,0,9,1
SL1131,#D87830,#EB8133,7.02,4,0,0,0,0,0,0,0,0,0,0,8,7
SL1132,#B86838,#EB8446,17.43,6,0,0,0,0,0,0,0,0,0,0,6,8
SL1133,#B07030,#EA923C,20.8,5,0,0,0,0,0,0,0,0,0,0,10,5
SL1134,#A06030,#EA8A46,25.33,6,0,0,0,0,0,0,0,0,0,0,7,7
SL1135,#B87048,#EA8C5B,15.82,8,0,0,0,0,0,0,0,0,0,0,4,8
SL1136,#B06840,#EA8850,20.04,7,0,0,0,0,0,0,0,0,0,0,5,8
SL1137,#A86848,#E99062,21.53,9,0,0,0,0,0,0,0,0,0,0,4,8
SL1138,#C08868,#E8A27C,12.29,11,0,0,0,0,0,0,0,0,0,0,3,6
SL1139,#A08060,#E6B788,23.45,12,0,0,0,0,0,0,0,0,0,0,5,3
SL1140,#A07048,#E8A167,23.89,9,0,0,0,0,0,0,0,0,0,0,6,5
SL1141,#987048,#E8A96D,26.62,10,0,0,0,0,0,0,0,0,0,0,7,4
SL1142,#A06850,#E89977,22.97,10,0,0,0,0,0,0,0,0,0,0,2,7
SL1143,#906840,#E8A668,29.58,9,0,0,0,0,0,0,0,0,0,0,7,4
SL1144,#A88040,#E8B157,23.12,7,0,0,0,0,0,0,0,0,0,0,11,1
SL1145,#986830,#E9A14B,28.95,6,0,0,0,0,0,0,0,0,0,0,10,3
SL1146,#805038,#E98F66,34.51,9,0,0,0,0,0,0,0,0,0,0,3,8
SL1147,#706048,#E5C694,41.7,13,0,0,0,0,0,0,0,0,0,0,6,1
SL1148,#786038,#E7B869,40.27,9,0,0,0,0,0,0,0,0,0,0,10,1
SL1149,#D09858,#E8A962,7.98,8,0,0,0,0,0,0,0,0,0,0,8,3
SL1150,#887848,#CFB76E,26.4,9,0,0,0,0,0,0,0,0,2,0,9,0
SL1151,#B89858,#E6BF6E,16.68,9,0,0,0,0,0,0,0,0,0,0,10,0
SL1152,#E0C080,#E6C57F,3.3,11,0,0,0,0,0,0,0,0,0,0,9,0
SL1153,#B0A8A8,#DCD1CF,15.22,18,0,0,0,0,0,0,0,1,0,0,0,1
SL1154,#9898A0,#BCBFC7,13.99,15,0,3,0,0,0,0,0,0,2,0,0,0
SL1155,#807888,#BAADC6,21.18,13,0,6,0,0,0,0,0,0,1,0,0,0
SL1156,#A090A0,#CEBCCF,16.47,15,0,4,0,0,0,0,1,0,0,0,0,0
SL1157,#989098,#D3C6D3,20.54,17,0,3,0,0,0,0,1,0,0,0,0,0
SL1158,#A8A0A8,#D3C6D3,14.6,17,0,3,0,0,0,0,1,0,0,0,0,0
SL1159,#707890,#717A92,1.01,6,0,7,0,0,0,0,0,0,7,0,0,0
SL1160,#808088,#B8B6C4,20.81,14,0,4,0,0,0,0,0,0,2,0,0,0
SL1161,#808098,#8888A2,3.27,8,0,7,0,0,0,0,0,0,5,0,0,0
SL1162,#808890,#98A3AC,9.85,13,0,0,0,0,6,0,0,0,1,0,0,0
SL1163,#707068,#E2E2D5,42.53,18,0,0,0,0,0,0,0,0,0,0,1,0
SL1164,#686878,#9898AE,18.8,10,0,6,0,0,0,0,0,0,4,0,0,0
SL1165,#687068,#C0CDBD,34.91,16,0,0,0,0,0,0,0,0,3,0,1,0
SL1166,#586870,#708490,10.88,7,0,5,0,0,0,0,0,0,8,0,0,0
SL1167,#585850,#D7D8C2,48.6,17,0,0,0,0,0,0,0,0,1,0,2,0
SL1168,#607080,#67788A,3.37,8,0,0,0,0,9,0,0,0,2,0,0,0
SL1169,#B0A0C8,#9A8EB0,8.38,9,0,8,0,0,0,0,0,0,3,0,0,0
SL1170,#9090B0,#83809F,6.42,7,0,8,0,0,0,0,0,0,5,0,0,0
SL1171,#8888B0,#737194,9.49,5,0,9,0,0,0,0,0,0,6,0,0,0
SL1172,#8080A0,#787997,3.29,6,0,8,0,0,0,0,0,0,6,0,0,0
SL1173,#8078A0,#7E789C,1.84,6,0,9,0,0,0,0,0,0,5,0,0,0
SL1174,#7878A0,#686A8C,6.82,4,0,9,0,0,0,0,0,0,7,0,0,0
SL1175,#887090,#94799E,4.56,10,0,0,0,0,4,0,0,6,0,0,0,0
SL1176,#806898,#9274AC,7.45,6,0,12,0,0,0,0,0,0,2,0,0,0
SL1177,#987088,#B98CA9,11.57,12,0,0,0,0,0,0,0,7,0,0,0,1
SL1178,#806880,#C4A2C4,24.12,12,0,6,0,0,0,0,2,0,0,0,0,0
SL1179,#686080,#7E789C,9.58,6,0,9,0,0,0,0,0,0,5,0,0,0
SL1180,#685070,#896A94,12.75,9,0,0,0,0,5,0,0,7,0,0,0,0
SL1181,#685868,#C6A5C5,33.28,13,0,6,0,0,0,0,2,0,0,0,0,0
SL1182,#504050,#C09AC1,40.87,11,0,7,0,0,0,0,2,0,0,0,0,0
SL1183,#604860,#BB89B9,32.62,9,0,8,0,0,0,0,3,0,0,0,0,0
SL1184,#504860,#897CA5,23.63,7,0,10,0,0,0,0,0,0,4,0,0,0
SL1185,#786078,#C09AC1,25.54,11,0,7,0,0,0,0,2,0,0,0,0,0
SL1186,#706878,#BAADC6,27.38,13,0,6,0,0,0,0,0,0,1,0,0,0
SL1187,#806870,#CBA5B1,25.3,14,0,0,0,0,0,0,0,4,0,0,0,2
SL1188,#786870,#CAAFBC,28.53,15,0,0,0,0,0,0,0,4,0,0,0,1
SL1189,#786058,#E5B7A8,35.99,15,0,0,0,0,0,0,0,0,0,0,0,5
SL1190,#706060,#D7BCBD,36.43,16,0,0,0,0,0,0,0,2,0,0,0,2
SL1191,#806058,#E6AD9D,33.29,14,0,0,0,0,0,0,0,0,0,0,0,6
SL1192,#685050,#D9A9A7,37.74,14,0,0,0,0,0,0,0,2,0,0,0,4
SL1193,#706058,#E4C6B4,40.24,16,0,0,0,0,0,0,0,0,0,0,1,3
SL1194,#705860,#C59AAB,28.8,13,0,0,0,0,0,0,0,5,0,0,0,2
SL1195,#605058,#C5A3B6,35.3,14,0,0,0,0,0,0,0,5,0,0,0,1
SL1196,#605050,#D8B3B2,40.8,15,0,0,0,0,0,0,0,2,0,0,0,3
SL1197,#504858,#B09CC0,36.77,11,0,8,0,0,0,0,0,0,1,0,0,0
SL1198,#585058,#CEBCCF,43.46,15,0,4,0,0,0,0,1,0,0,0,0,0
SL1199,#404048,#9B9BB0,37.67,11,0,6,0,0,0,0,0,0,4,0,0,0
SL1200,#484048,#CDBACE,49.73,14,0,4,0,0,0,0,1,0,0,0,0,0
