"category","subcategory","product_name","code","size","unit","moq","price","image_url","notes","active"
"Gel Polish","Classic Colors","Classic Red","GP-RED-001","10","ml","6","0","/images/products/gel-polish-red.jpg","Vibrant classic red","TRUE"
"Gel Polish","Classic Colors","Classic Pink","GP-PNK-002","10","ml","6","0","/images/products/gel-polish-pink.jpg","Soft classic pink","TRUE"
"Gel Polish","Classic Colors","Classic White","GP-WHT-003","10","ml","6","0","","Pure white gel polish","TRUE"
"Gel Polish","Classic Colors","Classic Black","GP-BLK-004","10","ml","6","0","","Deep black gel polish","TRUE"
"Gel Polish","Metallics","Metallic Silver","GP-SLV-101","10","ml","6","0","","Metallic silver finish","TRUE"
"Gel Polish","Metallics","Metallic Gold","GP-GLD-102","10","ml","6","0","","Metallic gold finish","TRUE"
"Gel Polish","Metallics","Rose Gold","GP-RGD-103","10","ml","6","0","","Trendy rose gold","TRUE"
"Nail Art","Pigments","Chrome Powder Silver","NA-CHR-SLV","2","g","12","0","","Mirror chrome effect","TRUE"
"Nail Art","Pigments","Chrome Powder Gold","NA-CHR-GLD","2","g","12","0","","Mirror chrome effect in gold","TRUE"
"Nail Art","Pigments","Aurora Pigment","NA-AUR-001","2","g","12","0","","Unicorn aurora effect","TRUE"
"Nail Art","Glitters","Holographic Glitter Fine","NA-GLT-HF","5","g","12","0","","Fine holographic glitter","TRUE"
"Nail Art","Glitters","Holographic Glitter Chunky","NA-GLT-HC","5","g","12","0","","Chunky holographic glitter","TRUE"
"Liquids","Cleansers","Nail Prep Dehydrator","LIQ-PREP-100","100","ml","1","0","","Prepares nails for application","TRUE"
"Liquids","Cleansers","Nail Prep Dehydrator","LIQ-PREP-500","500","ml","1","0","","Prepares nails for application","TRUE"
"Liquids","Cleansers","Gel Cleanser","LIQ-CLNR-100","100","ml","1","0","","Removes sticky layer","TRUE"
"Liquids","Cleansers","Gel Cleanser","LIQ-CLNR-500","500","ml","1","0","","Removes sticky layer","TRUE"
"Liquids","Removers","Gel Remover","LIQ-REMV-100","100","ml","1","0","","Professional gel remover","TRUE"
"Accessories","Tools","Crystal Nail File","ACC-FILE-001","1","pc","12","0","","Professional glass file","TRUE"
"Accessories","Tools","Buffer Block 4-Way","ACC-BUFF-001","1","pc","24","0","","4-sided buffer block","TRUE"
"Accessories","Brushes","Detail Art Brush Set","ACC-BRS-SET","1","set","6","0","","Professional art brush set","TRUE"
"Builder Gel","Acrylics","Acrylic Builder Seed","AUTO-ACY-ROUTE-01","15","ml","25","0","","AUTO_B2B_ROUTE_SEED","TRUE"
"Builder Gel","Fiberglass","Fiberglass Builder Seed","AUTO-FG-ROUTE-01","15","ml","25","0","","AUTO_B2B_ROUTE_SEED","TRUE"
"Top & Base","Rubber Bases","Rubber Base Seed","AUTO-RB-ROUTE-01","15","ml","1","0","","AUTO_B2B_ROUTE_SEED","TRUE"
"Top & Base","Classic Base","Classic Base Seed","AUTO-CB-ROUTE-01","15","ml","1","0","","AUTO_B2B_ROUTE_SEED","TRUE"
"<<<<<<< HEAD","","","","","","","","","",""
"=======","","","","","","","","","",""
">>>>>>> 1687569 (feat(b2b): enforce 30g white/black jars and 25 MOQ for builder gels)","","","","","","","","","",""
">>>>>>> 50427ca (Fix polygel MOQ split and liquid-polygel folder sync)","","","","","","","","","",""
"Builder Gel","3-in-1","3-in-1 Builder Gel Seed","AUTO-3IN1-ROUTE-01","15","ml","25","0","","AUTO_B2B_ROUTE_SEED","TRUE"
"Builder Gel","BIAB","Builder In A Bottle Seed","AUTO-BIAB-ROUTE-01","15","ml","25","0","","AUTO_B2B_ROUTE_SEED","TRUE"
"Polygel","Liquid Polygel","Liquid Polygel Seed","AUTO-LPG-ROUTE-01","15","ml","25","0","","AUTO_B2B_ROUTE_SEED","TRUE"
"Top & Base","Extra Strength Base","Extra Strength Base Seed","AUTO-ESB-ROUTE-01","15","ml","1","0","","AUTO_B2B_ROUTE_SEED","TRUE"
"Polygel","Polygel","LC-ACY-PG-01","LC-ACY-PG-01","30","g","100","0","/img/b2b/Polygels/polygel/LC-ACY-PG-01.webp","AUTO_B2B_FROM_IMAGE","TRUE"
"Polygel","Polygel","LC-ACY-PG-02","LC-ACY-PG-02","30","g","100","0","/img/b2b/Polygels/polygel/LC-ACY-PG-02.webp","AUTO_B2B_FROM_IMAGE","TRUE"
"Polygel","Polygel","LC-ACY-PG-03","LC-ACY-PG-03","30","g","100","0","/img/b2b/Polygels/polygel/LC-ACY-PG-03.webp","AUTO_B2B_FROM_IMAGE","TRUE"
"Polygel","Polygel","LC-ACY-PG-04","LC-ACY-PG-04","30","g","100","0","/img/b2b/Polygels/polygel/LC-ACY-PG-04.webp","AUTO_B2B_FROM_IMAGE","TRUE"
"Polygel","Polygel","LC-ACY-PG-05","LC-ACY-PG-05","30","g","100","0","/img/b2b/Polygels/polygel/LC-ACY-PG-05.webp","AUTO_B2B_FROM_IMAGE","TRUE"
"Polygel","Polygel","LC-ACY-PG-06","LC-ACY-PG-06","30","g","100","0","/img/b2b/Polygels/polygel/LC-ACY-PG-06.webp","AUTO_B2B_FROM_IMAGE","TRUE"
"Polygel","Polygel","LC-ACY-PG-07","LC-ACY-PG-07","30","g","100","0","/img/b2b/Polygels/polygel/LC-ACY-PG-07.webp","AUTO_B2B_FROM_IMAGE","TRUE"
"Polygel","Polygel","LC-ACY-PG-08","LC-ACY-PG-08","30","g","100","0","/img/b2b/Polygels/polygel/LC-ACY-PG-08.webp","AUTO_B2B_FROM_IMAGE","TRUE"
"Polygel","Polygel","LC-ACY-PG-09","LC-ACY-PG-09","30","g","100","0","/img/b2b/Polygels/polygel/LC-ACY-PG-09.webp","AUTO_B2B_FROM_IMAGE","TRUE"
"Polygel","Polygel","LC-ACY-PG-10","LC-ACY-PG-10","30","g","100","0","/img/b2b/Polygels/polygel/LC-ACY-PG-10.webp","AUTO_B2B_FROM_IMAGE","TRUE"
"Polygel","Polygel","LC-ACY-PG-11","LC-ACY-PG-11","30","g","100","0","/img/b2b/Polygels/polygel/LC-ACY-PG-11.webp","AUTO_B2B_FROM_IMAGE","TRUE"
"Polygel","Polygel","LC-ACY-PG-12","LC-ACY-PG-12","30","g","100","0","/img/b2b/Polygels/polygel/LC-ACY-PG-12.webp","AUTO_B2B_FROM_IMAGE","TRUE"
"Polygel","Polygel","LC-ACY-PG-13","LC-ACY-PG-13","30","g","100","0","/img/b2b/Polygels/polygel/LC-ACY-PG-13.webp","AUTO_B2B_FROM_IMAGE","TRUE"
"Polygel","Polygel","LC-ACY-PG-14","LC-ACY-PG-14","30","g","100","0","/img/b2b/Polygels/polygel/LC-ACY-PG-14.webp","AUTO_B2B_FROM_IMAGE","TRUE"
"Polygel","Polygel","LC-ACY-PG-15","LC-ACY-PG-15","30","g","100","0","/img/b2b/Polygels/polygel/LC-ACY-PG-15.webp","AUTO_B2B_FROM_IMAGE","TRUE"
"Polygel","Polygel","LC-ACY-PG-16","LC-ACY-PG-16","30","g","100","0","/img/b2b/Polygels/polygel/LC-ACY-PG-16.webp","AUTO_B2B_FROM_IMAGE","TRUE"
"Polygel","Polygel","LC-ACY-PG-17","LC-ACY-PG-17","30","g","100","0","/img/b2b/Polygels/polygel/LC-ACY-PG-17.webp","AUTO_B2B_FROM_IMAGE","TRUE"
"Polygel","Polygel","LC-ACY-PG-18","LC-ACY-PG-18","30","g","100","0","/img/b2b/Polygels/polygel/LC-ACY-PG-18.webp","AUTO_B2B_FROM_IMAGE","TRUE"
"Polygel","Polygel","LC-ACY_A-PG-02","LC-ACY_A-PG-02","30","g","100","0","/img/b2b/Polygels/polygel/LC-ACY_A-PG-02.webp","AUTO_B2B_FROM_IMAGE","TRUE"
"Polygel","Polygel","LC-ACY_A-PG-03","LC-ACY_A-PG-03","30","g","100","0","/img/b2b/Polygels/polygel/LC-ACY_A-PG-03.webp","AUTO_B2B_FROM_IMAGE","TRUE"
"Polygel","Polygel","LC-ACY_A-PG-04","LC-ACY_A-PG-04","30","g","100","0","/img/b2b/Polygels/polygel/LC-ACY_A-PG-04.webp","AUTO_B2B_FROM_IMAGE","TRUE"
"Polygel","Polygel","LC-ACY_A-PG-05","LC-ACY_A-PG-05","30","g","100","0","/img/b2b/Polygels/polygel/LC-ACY_A-PG-05.webp","AUTO_B2B_FROM_IMAGE","TRUE"
"Polygel","Polygel","LC-ACY_A-PG-06","LC-ACY_A-PG-06","30","g","100","0","/img/b2b/Polygels/polygel/LC-ACY_A-PG-06.webp","AUTO_B2B_FROM_IMAGE","TRUE"
"Polygel","Polygel","LC-ACY_A-PG-07","LC-ACY_A-PG-07","30","g","100","0","/img/b2b/Polygels/polygel/LC-ACY_A-PG-07.webp","AUTO_B2B_FROM_IMAGE","TRUE"
"Polygel","Polygel","LC-ACY_A-PG-08","LC-ACY_A-PG-08","30","g","100","0","/img/b2b/Polygels/polygel/LC-ACY_A-PG-08.webp","AUTO_B2B_FROM_IMAGE","TRUE"
"Polygel","Polygel","LC-ACY_A-PG-09","LC-ACY_A-PG-09","30","g","100","0","/img/b2b/Polygels/polygel/LC-ACY_A-PG-09.webp","AUTO_B2B_FROM_IMAGE","TRUE"
"Polygel","Polygel","LC-ACY_A-PG-10","LC-ACY_A-PG-10","30","g","100","0","/img/b2b/Polygels/polygel/LC-ACY_A-PG-10.webp","AUTO_B2B_FROM_IMAGE","TRUE"
"Polygel","Polygel","LC-ACY_A-PG-11","LC-ACY_A-PG-11","30","g","100","0","/img/b2b/Polygels/polygel/LC-ACY_A-PG-11.webp","AUTO_B2B_FROM_IMAGE","TRUE"
"Polygel","Polygel","LC-ACY_A-PG-12","LC-ACY_A-PG-12","30","g","100","0","/img/b2b/Polygels/polygel/LC-ACY_A-PG-12.webp","AUTO_B2B_FROM_IMAGE","TRUE"
"Polygel","Polygel","LC-ACY_A-PG-13","LC-ACY_A-PG-13","30","g","100","0","/img/b2b/Polygels/polygel/LC-ACY_A-PG-13.webp","AUTO_B2B_FROM_IMAGE","TRUE"
"Polygel","Polygel","LC-ACY_A-PG-14","LC-ACY_A-PG-14","30","g","100","0","/img/b2b/Polygels/polygel/LC-ACY_A-PG-14.webp","AUTO_B2B_FROM_IMAGE","TRUE"
"Polygel","Polygel","LC-ACY_A-PG-15","LC-ACY_A-PG-15","30","g","100","0","/img/b2b/Polygels/polygel/LC-ACY_A-PG-15.webp","AUTO_B2B_FROM_IMAGE","TRUE"
"Polygel","Polygel","LC-ACY_A-PG-16","LC-ACY_A-PG-16","30","g","100","0","/img/b2b/Polygels/polygel/LC-ACY_A-PG-16.webp","AUTO_B2B_FROM_IMAGE","TRUE"
"Polygel","Polygel","LC-ACY_A-PG-17","LC-ACY_A-PG-17","30","g","100","0","/img/b2b/Polygels/polygel/LC-ACY_A-PG-17.webp","AUTO_B2B_FROM_IMAGE","TRUE"
"Polygel","Polygel","LC-ACY_A-PG-18","LC-ACY_A-PG-18","30","g","100","0","/img/b2b/Polygels/polygel/LC-ACY_A-PG-18.webp","AUTO_B2B_FROM_IMAGE","TRUE"
"Polygel","Polygel","LC-ACY_A-PG-19","LC-ACY_A-PG-19","30","g","100","0","/img/b2b/Polygels/polygel/LC-ACY_A-PG-19.webp","AUTO_B2B_FROM_IMAGE","TRUE"
"Polygel","Polygel","LC-ACY_A-PG-20","LC-ACY_A-PG-20","30","g","100","0","/img/b2b/Polygels/polygel/LC-ACY_A-PG-20.webp","AUTO_B2B_FROM_IMAGE","TRUE"
"Polygel","Polygel","LC-ACY_A-PG-21","LC-ACY_A-PG-21","30","g","100","0","/img/b2b/Polygels/polygel/LC-ACY_A-PG-21.webp","AUTO_B2B_FROM_IMAGE","TRUE"
"Polygel","Polygel","LC-ACY_A-PG-22","LC-ACY_A-PG-22","30","g","100","0","/img/b2b/Polygels/polygel/LC-ACY_A-PG-22.webp","AUTO_B2B_FROM_IMAGE","TRUE"
"Polygel","Polygel","LC-ACY_A-PG-23","LC-ACY_A-PG-23","30","g","100","0","/img/b2b/Polygels/polygel/LC-ACY_A-PG-23.webp","AUTO_B2B_FROM_IMAGE","TRUE"
"Polygel","Polygel","LC-ACY_A-PG-24","LC-ACY_A-PG-24","30","g","100","0","/img/b2b/Polygels/polygel/LC-ACY_A-PG-24.webp","AUTO_B2B_FROM_IMAGE","TRUE"
"Polygel","Polygel","LC-ACY_A-PG-25","LC-ACY_A-PG-25","30","g","100","0","/img/b2b/Polygels/polygel/LC-ACY_A-PG-25.webp","AUTO_B2B_FROM_IMAGE","TRUE"
"Polygel","Polygel","LC-ACY_A-PG-26","LC-ACY_A-PG-26","30","g","100","0","/img/b2b/Polygels/polygel/LC-ACY_A-PG-26.webp","AUTO_B2B_FROM_IMAGE","TRUE"
"Polygel","Polygel","LC-ACY_BA-PG-01","LC-ACY_BA-PG-01","30","g","100","0","/img/b2b/Polygels/polygel/LC-ACY_BA-PG-01.webp","AUTO_B2B_FROM_IMAGE","TRUE"
"Polygel","Polygel","LC-ACY_BA-PG-02","LC-ACY_BA-PG-02","30","g","100","0","/img/b2b/Polygels/polygel/LC-ACY_BA-PG-02.webp","AUTO_B2B_FROM_IMAGE","TRUE"
"Polygel","Polygel","LC-ACY_BA-PG-03","LC-ACY_BA-PG-03","30","g","100","0","/img/b2b/Polygels/polygel/LC-ACY_BA-PG-03.webp","AUTO_B2B_FROM_IMAGE","TRUE"
"Polygel","Polygel","LC-ACY_BA-PG-04","LC-ACY_BA-PG-04","30","g","100","0","/img/b2b/Polygels/polygel/LC-ACY_BA-PG-04.webp","AUTO_B2B_FROM_IMAGE","TRUE"
"Polygel","Polygel","LC-ACY_BA-PG-05","LC-ACY_BA-PG-05","30","g","100","0","/img/b2b/Polygels/polygel/LC-ACY_BA-PG-05.webp","AUTO_B2B_FROM_IMAGE","TRUE"
"Polygel","Polygel","LC-ACY_BA-PG-06","LC-ACY_BA-PG-06","30","g","100","0","/img/b2b/Polygels/polygel/LC-ACY_BA-PG-06.webp","AUTO_B2B_FROM_IMAGE","TRUE"
"Polygel","Polygel","LC-ACY_BA-PG-07","LC-ACY_BA-PG-07","30","g","100","0","/img/b2b/Polygels/polygel/LC-ACY_BA-PG-07.webp","AUTO_B2B_FROM_IMAGE","TRUE"
"Polygel","Polygel","LC-ACY_BA-PG-08","LC-ACY_BA-PG-08","30","g","100","0","/img/b2b/Polygels/polygel/LC-ACY_BA-PG-08.webp","AUTO_B2B_FROM_IMAGE","TRUE"
"Polygel","Polygel","LC-ACY_BA-PG-09","LC-ACY_BA-PG-09","30","g","100","0","/img/b2b/Polygels/polygel/LC-ACY_BA-PG-09.webp","AUTO_B2B_FROM_IMAGE","TRUE"
"Polygel","Polygel","LC-ACY_BA-PG-10","LC-ACY_BA-PG-10","30","g","100","0","/img/b2b/Polygels/polygel/LC-ACY_BA-PG-10.webp","AUTO_B2B_FROM_IMAGE","TRUE"
"Polygel","Polygel","LC-ACY_BA-PG-11","LC-ACY_BA-PG-11","30","g","100","0","/img/b2b/Polygels/polygel/LC-ACY_BA-PG-11.webp","AUTO_B2B_FROM_IMAGE","TRUE"
"Polygel","Polygel","LC-ACY_BA-PG-12","LC-ACY_BA-PG-12","30","g","100","0","/img/b2b/Polygels/polygel/LC-ACY_BA-PG-12.webp","AUTO_B2B_FROM_IMAGE","TRUE"
"Polygel","Polygel","LC-ACY_BA-PG-13","LC-ACY_BA-PG-13","30","g","100","0","/img/b2b/Polygels/polygel/LC-ACY_BA-PG-13.webp","AUTO_B2B_FROM_IMAGE","TRUE"
"Polygel","Polygel","LC-ACY_BA-PG-14","LC-ACY_BA-PG-14","30","g","100","0","/img/b2b/Polygels/polygel/LC-ACY_BA-PG-14.webp","AUTO_B2B_FROM_IMAGE","TRUE"
"Polygel","Polygel","LC-ACY_BA-PG-15","LC-ACY_BA-PG-15","30","g","100","0","/img/b2b/Polygels/polygel/LC-ACY_BA-PG-15.webp","AUTO_B2B_FROM_IMAGE","TRUE"
"Polygel","Polygel","LC-ACY_BA-PG-16","LC-ACY_BA-PG-16","30","g","100","0","/img/b2b/Polygels/polygel/LC-ACY_BA-PG-16.webp","AUTO_B2B_FROM_IMAGE","TRUE"
"Polygel","Polygel","LC-ACY_BA-PG-17","LC-ACY_BA-PG-17","30","g","100","0","/img/b2b/Polygels/polygel/LC-ACY_BA-PG-17.webp","AUTO_B2B_FROM_IMAGE","TRUE"
"Polygel","Polygel","LC-ACY_BA-PG-18","LC-ACY_BA-PG-18","30","g","100","0","/img/b2b/Polygels/polygel/LC-ACY_BA-PG-18.webp","AUTO_B2B_FROM_IMAGE","TRUE"
"Polygel","Polygel","LC-ACY_BA-PG-19","LC-ACY_BA-PG-19","30","g","100","0","/img/b2b/Polygels/polygel/LC-ACY_BA-PG-19.webp","AUTO_B2B_FROM_IMAGE","TRUE"
"Polygel","Polygel","LC-ACY_BA-PG-20","LC-ACY_BA-PG-20","30","g","100","0","/img/b2b/Polygels/polygel/LC-ACY_BA-PG-20.webp","AUTO_B2B_FROM_IMAGE","TRUE"
"Polygel","Polygel","LC-ACY_BA-PG-21","LC-ACY_BA-PG-21","30","g","100","0","/img/b2b/Polygels/polygel/LC-ACY_BA-PG-21.webp","AUTO_B2B_FROM_IMAGE","TRUE"
"Polygel","Polygel","LC-ACY_BA-PG-22","LC-ACY_BA-PG-22","30","g","100","0","/img/b2b/Polygels/polygel/LC-ACY_BA-PG-22.webp","AUTO_B2B_FROM_IMAGE","TRUE"
"Polygel","Polygel","LC-ACY_H_SPG-01","LC-ACY_H_SPG-01","30","g","100","0","/img/b2b/Polygels/polygel/LC-ACY_H_SPG-01.webp","AUTO_B2B_FROM_IMAGE","TRUE"
"Polygel","Polygel","LC-ACY_H_SPG-02","LC-ACY_H_SPG-02","30","g","100","0","/img/b2b/Polygels/polygel/LC-ACY_H_SPG-02.webp","AUTO_B2B_FROM_IMAGE","TRUE"
"Polygel","Polygel","LC-ACY_H_SPG-03","LC-ACY_H_SPG-03","30","g","100","0","/img/b2b/Polygels/polygel/LC-ACY_H_SPG-03.webp","AUTO_B2B_FROM_IMAGE","TRUE"
"Polygel","Polygel","LC-ACY_H_SPG-04","LC-ACY_H_SPG-04","30","g","100","0","/img/b2b/Polygels/polygel/LC-ACY_H_SPG-04.webp","AUTO_B2B_FROM_IMAGE","TRUE"
"Polygel","Polygel","LC-ACY_H_SPG-05","LC-ACY_H_SPG-05","30","g","100","0","/img/b2b/Polygels/polygel/LC-ACY_H_SPG-05.webp","AUTO_B2B_FROM_IMAGE","TRUE"
"Polygel","Polygel","LC-ACY_H_SPG-06","LC-ACY_H_SPG-06","30","g","100","0","/img/b2b/Polygels/polygel/LC-ACY_H_SPG-06.webp","AUTO_B2B_FROM_IMAGE","TRUE"
"Polygel","Polygel","LC-ACY_H_SPG-07","LC-ACY_H_SPG-07","30","g","100","0","/img/b2b/Polygels/polygel/LC-ACY_H_SPG-07.webp","AUTO_B2B_FROM_IMAGE","TRUE"
"Polygel","Polygel","LC-ACY_H_SPG-08","LC-ACY_H_SPG-08","30","g","100","0","/img/b2b/Polygels/polygel/LC-ACY_H_SPG-08.webp","AUTO_B2B_FROM_IMAGE","TRUE"
"Polygel","Polygel","LC-ACY_H_SPG-09","LC-ACY_H_SPG-09","30","g","100","0","/img/b2b/Polygels/polygel/LC-ACY_H_SPG-09.webp","AUTO_B2B_FROM_IMAGE","TRUE"
"Polygel","Polygel","LC-ACY_H_SPG-10","LC-ACY_H_SPG-10","30","g","100","0","/img/b2b/Polygels/polygel/LC-ACY_H_SPG-10.webp","AUTO_B2B_FROM_IMAGE","TRUE"
"Polygel","Polygel","LC-ACY_H_SPG-11","LC-ACY_H_SPG-11","30","g","100","0","/img/b2b/Polygels/polygel/LC-ACY_H_SPG-11.webp","AUTO_B2B_FROM_IMAGE","TRUE"
"Polygel","Polygel","LC-ACY_H_SPG-12","LC-ACY_H_SPG-12","30","g","100","0","/img/b2b/Polygels/polygel/LC-ACY_H_SPG-12.webp","AUTO_B2B_FROM_IMAGE","TRUE"
"Polygel","Polygel","LC-ACY_H_SPG-13","LC-ACY_H_SPG-13","30","g","100","0","/img/b2b/Polygels/polygel/LC-ACY_H_SPG-13.webp","AUTO_B2B_FROM_IMAGE","TRUE"
"Polygel","Polygel","LC-ACY_H_SPG-14","LC-ACY_H_SPG-14","30","g","100","0","/img/b2b/Polygels/polygel/LC-ACY_H_SPG-14.webp","AUTO_B2B_FROM_IMAGE","TRUE"
"Polygel","Polygel","LC-ACY_H_SPG-15","LC-ACY_H_SPG-15","30","g","100","0","/img/b2b/Polygels/polygel/LC-ACY_H_SPG-15.webp","AUTO_B2B_FROM_IMAGE","TRUE"
"Polygel","Polygel","LC-ACY_H_SPG-16","LC-ACY_H_SPG-16","30","g","100","0","/img/b2b/Polygels/polygel/LC-ACY_H_SPG-16.webp","AUTO_B2B_FROM_IMAGE","TRUE"
"Polygel","Polygel","LC-ACY_H_SPG-17","LC-ACY_H_SPG-17","30","g","100","0","/img/b2b/Polygels/polygel/LC-ACY_H_SPG-17.webp","AUTO_B2B_FROM_IMAGE","TRUE"
"Polygel","Polygel","LC-ACY_H_SPG-18","LC-ACY_H_SPG-18","30","g","100","0","/img/b2b/Polygels/polygel/LC-ACY_H_SPG-18.webp","AUTO_B2B_FROM_IMAGE","TRUE"
"Polygel","Polygel","LC-ACY_H_SPG-19","LC-ACY_H_SPG-19","30","g","100","0","/img/b2b/Polygels/polygel/LC-ACY_H_SPG-19.webp","AUTO_B2B_FROM_IMAGE","TRUE"
"Polygel","Polygel","LC-ACY_H_SPG-20","LC-ACY_H_SPG-20","30","g","100","0","/img/b2b/Polygels/polygel/LC-ACY_H_SPG-20.webp","AUTO_B2B_FROM_IMAGE","TRUE"
"Polygel","Polygel","LC-ACY_H_SPG-21","LC-ACY_H_SPG-21","30","g","100","0","/img/b2b/Polygels/polygel/LC-ACY_H_SPG-21.webp","AUTO_B2B_FROM_IMAGE","TRUE"
"Polygel","Polygel","LC-ACY_H_SPG-22","LC-ACY_H_SPG-22","30","g","100","0","/img/b2b/Polygels/polygel/LC-ACY_H_SPG-22.webp","AUTO_B2B_FROM_IMAGE","TRUE"
"Polygel","Polygel","LC-ACY_H_SPG-23","LC-ACY_H_SPG-23","30","g","100","0","/img/b2b/Polygels/polygel/LC-ACY_H_SPG-23.webp","AUTO_B2B_FROM_IMAGE","TRUE"
"Polygel","Polygel","LC-ACY_H_SPG-24","LC-ACY_H_SPG-24","30","g","100","0","/img/b2b/Polygels/polygel/LC-ACY_H_SPG-24.webp","AUTO_B2B_FROM_IMAGE","TRUE"
"Polygel","Polygel","LC_AC-N-PG01","LC_AC-N-PG01","30","g","100","0","/img/b2b/Polygels/polygel/LC_AC-N-PG01.webp","AUTO_B2B_FROM_IMAGE","TRUE"
"Polygel","Polygel","LC_AC-N-PG02","LC_AC-N-PG02","30","g","100","0","/img/b2b/Polygels/polygel/LC_AC-N-PG02.webp","AUTO_B2B_FROM_IMAGE","TRUE"
"Polygel","Polygel","LC_AC-N-PG03","LC_AC-N-PG03","30","g","100","0","/img/b2b/Polygels/polygel/LC_AC-N-PG03.webp","AUTO_B2B_FROM_IMAGE","TRUE"
"Polygel","Polygel","LC_AC-N-PG04","LC_AC-N-PG04","30","g","100","0","/img/b2b/Polygels/polygel/LC_AC-N-PG04.webp","AUTO_B2B_FROM_IMAGE","TRUE"
"Polygel","Polygel","LC_AC-N-PG05","LC_AC-N-PG05","30","g","100","0","/img/b2b/Polygels/polygel/LC_AC-N-PG05.webp","AUTO_B2B_FROM_IMAGE","TRUE"
"Polygel","Polygel","LC_AC-N-PG06","LC_AC-N-PG06","30","g","100","0","/img/b2b/Polygels/polygel/LC_AC-N-PG06.webp","AUTO_B2B_FROM_IMAGE","TRUE"
"Polygel","Polygel","LC_AC-N-PG07","LC_AC-N-PG07","30","g","100","0","/img/b2b/Polygels/polygel/LC_AC-N-PG07.webp","AUTO_B2B_FROM_IMAGE","TRUE"
"Polygel","Polygel","LC_AC-N-PG08","LC_AC-N-PG08","30","g","100","0","/img/b2b/Polygels/polygel/LC_AC-N-PG08.webp","AUTO_B2B_FROM_IMAGE","TRUE"
"Polygel","Polygel","LC_AC-N-PG09","LC_AC-N-PG09","30","g","100","0","/img/b2b/Polygels/polygel/LC_AC-N-PG09.webp","AUTO_B2B_FROM_IMAGE","TRUE"
"Polygel","Polygel","LC_AC-N-PG10","LC_AC-N-PG10","30","g","100","0","/img/b2b/Polygels/polygel/LC_AC-N-PG10.webp","AUTO_B2B_FROM_IMAGE","TRUE"
"Polygel","Polygel","LC_AC-N-PG11","LC_AC-N-PG11","30","g","100","0","/img/b2b/Polygels/polygel/LC_AC-N-PG11.webp","AUTO_B2B_FROM_IMAGE","TRUE"
"Polygel","Polygel","LC_AC-N-PG12","LC_AC-N-PG12","30","g","100","0","/img/b2b/Polygels/polygel/LC_AC-N-PG12.webp","AUTO_B2B_FROM_IMAGE","TRUE"
"Polygel","Polygel","LC_AC-N-PG13","LC_AC-N-PG13","30","g","100","0","/img/b2b/Polygels/polygel/LC_AC-N-PG13.webp","AUTO_B2B_FROM_IMAGE","TRUE"
"Polygel","Polygel","LC_AC-N-PG14","LC_AC-N-PG14","30","g","100","0","/img/b2b/Polygels/polygel/LC_AC-N-PG14.webp","AUTO_B2B_FROM_IMAGE","TRUE"
"Polygel","Polygel","LC_AC-N-PG15","LC_AC-N-PG15","30","g","100","0","/img/b2b/Polygels/polygel/LC_AC-N-PG15.webp","AUTO_B2B_FROM_IMAGE","TRUE"
"Polygel","Polygel","LC_AC-N-PG16","LC_AC-N-PG16","30","g","100","0","/img/b2b/Polygels/polygel/LC_AC-N-PG16.webp","AUTO_B2B_FROM_IMAGE","TRUE"
"Polygel","Polygel","LC_AC-N-PG17","LC_AC-N-PG17","30","g","100","0","/img/b2b/Polygels/polygel/LC_AC-N-PG17.webp","AUTO_B2B_FROM_IMAGE","TRUE"
"Polygel","Polygel","LC_AC-N-PG18","LC_AC-N-PG18","30","g","100","0","/img/b2b/Polygels/polygel/LC_AC-N-PG18.webp","AUTO_B2B_FROM_IMAGE","TRUE"
"Polygel","Polygel","LC_AC-N-PG19","LC_AC-N-PG19","30","g","100","0","/img/b2b/Polygels/polygel/LC_AC-N-PG19.webp","AUTO_B2B_FROM_IMAGE","TRUE"
"Polygel","Polygel","LC_AC-N-PG20","LC_AC-N-PG20","30","g","100","0","/img/b2b/Polygels/polygel/LC_AC-N-PG20.webp","AUTO_B2B_FROM_IMAGE","TRUE"
"Polygel","Polygel","LC_AC-N-PG21","LC_AC-N-PG21","30","g","100","0","/img/b2b/Polygels/polygel/LC_AC-N-PG21.webp","AUTO_B2B_FROM_IMAGE","TRUE"
"Polygel","Polygel","LC_AC-N-PG22","LC_AC-N-PG22","30","g","100","0","/img/b2b/Polygels/polygel/LC_AC-N-PG22.webp","AUTO_B2B_FROM_IMAGE","TRUE"
"Polygel","Polygel","LC_AC-N-PG23","LC_AC-N-PG23","30","g","100","0","/img/b2b/Polygels/polygel/LC_AC-N-PG23.webp","AUTO_B2B_FROM_IMAGE","TRUE"
"Polygel","Polygel","LC_ACY-PR-PG01","LC_ACY-PR-PG01","30","g","100","0","/img/b2b/Polygels/polygel/LC_ACY-PR-PG01.webp","AUTO_B2B_FROM_IMAGE","TRUE"
"Polygel","Polygel","LC_ACY-PR-PG02","LC_ACY-PR-PG02","30","g","100","0","/img/b2b/Polygels/polygel/LC_ACY-PR-PG02.webp","AUTO_B2B_FROM_IMAGE","TRUE"
"Polygel","Polygel","LC_ACY-PR-PG03","LC_ACY-PR-PG03","30","g","100","0","/img/b2b/Polygels/polygel/LC_ACY-PR-PG03.webp","AUTO_B2B_FROM_IMAGE","TRUE"
"Polygel","Polygel","LC_ACY-PR-PG04","LC_ACY-PR-PG04","30","g","100","0","/img/b2b/Polygels/polygel/LC_ACY-PR-PG04.webp","AUTO_B2B_FROM_IMAGE","TRUE"
"Polygel","Polygel","LC_ACY-PR-PG05","LC_ACY-PR-PG05","30","g","100","0","/img/b2b/Polygels/polygel/LC_ACY-PR-PG05.webp","AUTO_B2B_FROM_IMAGE","TRUE"
"Polygel","Polygel","LC_ACY-PR-PG06","LC_ACY-PR-PG06","30","g","100","0","/img/b2b/Polygels/polygel/LC_ACY-PR-PG06.webp","AUTO_B2B_FROM_IMAGE","TRUE"
"Polygel","Polygel","LC_ACY-PR-PG07","LC_ACY-PR-PG07","30","g","100","0","/img/b2b/Polygels/polygel/LC_ACY-PR-PG07.webp","AUTO_B2B_FROM_IMAGE","TRUE"
"Polygel","Polygel","LC_ACY-PR-PG08","LC_ACY-PR-PG08","30","g","100","0","/img/b2b/Polygels/polygel/LC_ACY-PR-PG08.webp","AUTO_B2B_FROM_IMAGE","TRUE"
"Polygel","Polygel","LC_ACY-PR-PG09","LC_ACY-PR-PG09","30","g","100","0","/img/b2b/Polygels/polygel/LC_ACY-PR-PG09.webp","AUTO_B2B_FROM_IMAGE","TRUE"
"Polygel","Polygel","LC_ACY-PR-PG10","LC_ACY-PR-PG10","30","g","100","0","/img/b2b/Polygels/polygel/LC_ACY-PR-PG10.webp","AUTO_B2B_FROM_IMAGE","TRUE"
"Polygel","Polygel","LC_ACY-PR-PG11","LC_ACY-PR-PG11","30","g","100","0","/img/b2b/Polygels/polygel/LC_ACY-PR-PG11.webp","AUTO_B2B_FROM_IMAGE","TRUE"
"Polygel","Polygel","LC_ACY-PR-PG12","LC_ACY-PR-PG12","30","g","100","0","/img/b2b/Polygels/polygel/LC_ACY-PR-PG12.webp","AUTO_B2B_FROM_IMAGE","TRUE"
"Polygel","Polygel","LC_ACY-PR-PG13","LC_ACY-PR-PG13","30","g","100","0","/img/b2b/Polygels/polygel/LC_ACY-PR-PG13.webp","AUTO_B2B_FROM_IMAGE","TRUE"
"Polygel","Polygel","LC_ACY-PR-PG14","LC_ACY-PR-PG14","30","g","100","0","/img/b2b/Polygels/polygel/LC_ACY-PR-PG14.webp","AUTO_B2B_FROM_IMAGE","TRUE"
"Polygel","Polygel","LC_ACY-PR-PG15","LC_ACY-PR-PG15","30","g","100","0","/img/b2b/Polygels/polygel/LC_ACY-PR-PG15.webp","AUTO_B2B_FROM_IMAGE","TRUE"
"Polygel","Polygel","LC_ACY-PR-PG16","LC_ACY-PR-PG16","30","g","100","0","/img/b2b/Polygels/polygel/LC_ACY-PR-PG16.webp","AUTO_B2B_FROM_IMAGE","TRUE"
"Polygel","Polygel","LC_ACY-PR-PG17","LC_ACY-PR-PG17","30","g","100","0","/img/b2b/Polygels/polygel/LC_ACY-PR-PG17.webp","AUTO_B2B_FROM_IMAGE","TRUE"
"Polygel","Polygel","LC_ACY-PR-PG18","LC_ACY-PR-PG18","30","g","100","0","/img/b2b/Polygels/polygel/LC_ACY-PR-PG18.webp","AUTO_B2B_FROM_IMAGE","TRUE"
"Polygel","Polygel","LC_ACY-S-PG01","LC_ACY-S-PG01","30","g","100","0","/img/b2b/Polygels/polygel/LC_ACY-S-PG01.webp","AUTO_B2B_FROM_IMAGE","TRUE"
"Polygel","Polygel","LC_ACY-S-PG02","LC_ACY-S-PG02","30","g","100","0","/img/b2b/Polygels/polygel/LC_ACY-S-PG02.webp","AUTO_B2B_FROM_IMAGE","TRUE"
"Polygel","Polygel","LC_ACY-S-PG03","LC_ACY-S-PG03","30","g","100","0","/img/b2b/Polygels/polygel/LC_ACY-S-PG03.webp","AUTO_B2B_FROM_IMAGE","TRUE"
"Polygel","Polygel","LC_ACY-S-PG04","LC_ACY-S-PG04","30","g","100","0","/img/b2b/Polygels/polygel/LC_ACY-S-PG04.webp","AUTO_B2B_FROM_IMAGE","TRUE"
"Polygel","Polygel","LC_ACY-S-PG05","LC_ACY-S-PG05","30","g","100","0","/img/b2b/Polygels/polygel/LC_ACY-S-PG05.webp","AUTO_B2B_FROM_IMAGE","TRUE"
"Polygel","Polygel","LC_ACY-S-PG06","LC_ACY-S-PG06","30","g","100","0","/img/b2b/Polygels/polygel/LC_ACY-S-PG06.webp","AUTO_B2B_FROM_IMAGE","TRUE"
"Polygel","Polygel","LC_ACY-S-PG07","LC_ACY-S-PG07","30","g","100","0","/img/b2b/Polygels/polygel/LC_ACY-S-PG07.webp","AUTO_B2B_FROM_IMAGE","TRUE"
"Polygel","Polygel","LC_ACY-S-PG08","LC_ACY-S-PG08","30","g","100","0","/img/b2b/Polygels/polygel/LC_ACY-S-PG08.webp","AUTO_B2B_FROM_IMAGE","TRUE"
"Polygel","Polygel","LC_ACY-S-PG09","LC_ACY-S-PG09","30","g","100","0","/img/b2b/Polygels/polygel/LC_ACY-S-PG09.webp","AUTO_B2B_FROM_IMAGE","TRUE"
"Polygel","Polygel","LC_ACY-S-PG10","LC_ACY-S-PG10","30","g","100","0","/img/b2b/Polygels/polygel/LC_ACY-S-PG10.webp","AUTO_B2B_FROM_IMAGE","TRUE"
"Polygel","Polygel","LC_ACY-SA-PG01","LC_ACY-SA-PG01","30","g","100","0","/img/b2b/Polygels/polygel/LC_ACY-SA-PG01.webp","AUTO_B2B_FROM_IMAGE","TRUE"
"Polygel","Polygel","LC_ACY-SA-PG02","LC_ACY-SA-PG02","30","g","100","0","/img/b2b/Polygels/polygel/LC_ACY-SA-PG02.webp","AUTO_B2B_FROM_IMAGE","TRUE"
"Polygel","Polygel","LC_ACY-SA-PG03","LC_ACY-SA-PG03","30","g","100","0","/img/b2b/Polygels/polygel/LC_ACY-SA-PG03.webp","AUTO_B2B_FROM_IMAGE","TRUE"
"Polygel","Polygel","LC_ACY-SA-PG04","LC_ACY-SA-PG04","30","g","100","0","/img/b2b/Polygels/polygel/LC_ACY-SA-PG04.webp","AUTO_B2B_FROM_IMAGE","TRUE"
"Polygel","Polygel","LC_ACY-SA-PG05","LC_ACY-SA-PG05","30","g","100","0","/img/b2b/Polygels/polygel/LC_ACY-SA-PG05.webp","AUTO_B2B_FROM_IMAGE","TRUE"
"Polygel","Polygel","LC_ACY-SA-PG06","LC_ACY-SA-PG06","30","g","100","0","/img/b2b/Polygels/polygel/LC_ACY-SA-PG06.webp","AUTO_B2B_FROM_IMAGE","TRUE"
"Polygel","Polygel","LC_ACY-SA-PG07","LC_ACY-SA-PG07","30","g","100","0","/img/b2b/Polygels/polygel/LC_ACY-SA-PG07.webp","AUTO_B2B_FROM_IMAGE","TRUE"
"Polygel","Polygel","LC_ACY-SA-PG08","LC_ACY-SA-PG08","30","g","100","0","/img/b2b/Polygels/polygel/LC_ACY-SA-PG08.webp","AUTO_B2B_FROM_IMAGE","TRUE"
"Polygel","Polygel","LC_ACY-SA-PG09","LC_ACY-SA-PG09","30","g","100","0","/img/b2b/Polygels/polygel/LC_ACY-SA-PG09.webp","AUTO_B2B_FROM_IMAGE","TRUE"
"Polygel","Polygel","LC_ACY-SA-PG10","LC_ACY-SA-PG10","30","g","100","0","/img/b2b/Polygels/polygel/LC_ACY-SA-PG10.webp","AUTO_B2B_FROM_IMAGE","TRUE"
"Polygel","Polygel","LC_ACY-SA-PG11","LC_ACY-SA-PG11","30","g","100","0","/img/b2b/Polygels/polygel/LC_ACY-SA-PG11.webp","AUTO_B2B_FROM_IMAGE","TRUE"
"Polygel","Polygel","LC_ACY-SA-PG12","LC_ACY-SA-PG12","30","g","100","0","/img/b2b/Polygels/polygel/LC_ACY-SA-PG12.webp","AUTO_B2B_FROM_IMAGE","TRUE"
"Polygel","Polygel","LC_ACY-SA-PG13","LC_ACY-SA-PG13","30","g","100","0","/img/b2b/Polygels/polygel/LC_ACY-SA-PG13.webp","AUTO_B2B_FROM_IMAGE","TRUE"
"Polygel","Polygel","LC_ACY-SA-PG14","LC_ACY-SA-PG14","30","g","100","0","/img/b2b/Polygels/polygel/LC_ACY-SA-PG14.webp","AUTO_B2B_FROM_IMAGE","TRUE"
"Polygel","Polygel","LC_ACY-SA-PG15","LC_ACY-SA-PG15","30","g","100","0","/img/b2b/Polygels/polygel/LC_ACY-SA-PG15.webp","AUTO_B2B_FROM_IMAGE","TRUE"
"Polygel","Polygel","LC_ACY-SA-PG16","LC_ACY-SA-PG16","30","g","100","0","/img/b2b/Polygels/polygel/LC_ACY-SA-PG16.webp","AUTO_B2B_FROM_IMAGE","TRUE"
"Polygel","Polygel","LC_ACY-SA-PG17","LC_ACY-SA-PG17","30","g","100","0","/img/b2b/Polygels/polygel/LC_ACY-SA-PG17.webp","AUTO_B2B_FROM_IMAGE","TRUE"
"Polygel","Polygel","LC_ACY-SA-PG18","LC_ACY-SA-PG18","30","g","100","0","/img/b2b/Polygels/polygel/LC_ACY-SA-PG18.webp","AUTO_B2B_FROM_IMAGE","TRUE"
"Polygel","Polygel","LC_ACY-SA-PG19","LC_ACY-SA-PG19","30","g","100","0","/img/b2b/Polygels/polygel/LC_ACY-SA-PG19.webp","AUTO_B2B_FROM_IMAGE","TRUE"
"Polygel","Polygel","LC_ACY-SA-PG20","LC_ACY-SA-PG20","30","g","100","0","/img/b2b/Polygels/polygel/LC_ACY-SA-PG20.webp","AUTO_B2B_FROM_IMAGE","TRUE"
"Polygel","Polygel","LC_ACY-WA-PG01","LC_ACY-WA-PG01","30","g","100","0","/img/b2b/Polygels/polygel/LC_ACY-WA-PG01.webp","AUTO_B2B_FROM_IMAGE","TRUE"
"Polygel","Polygel","LC_ACY-WA-PG02","LC_ACY-WA-PG02","30","g","100","0","/img/b2b/Polygels/polygel/LC_ACY-WA-PG02.webp","AUTO_B2B_FROM_IMAGE","TRUE"
"Polygel","Polygel","LC_ACY-WA-PG03","LC_ACY-WA-PG03","30","g","100","0","/img/b2b/Polygels/polygel/LC_ACY-WA-PG03.webp","AUTO_B2B_FROM_IMAGE","TRUE"
"Polygel","Polygel","LC_ACY-WA-PG04","LC_ACY-WA-PG04","30","g","100","0","/img/b2b/Polygels/polygel/LC_ACY-WA-PG04.webp","AUTO_B2B_FROM_IMAGE","TRUE"
"Polygel","Polygel","LC_ACY-WA-PG05","LC_ACY-WA-PG05","30","g","100","0","/img/b2b/Polygels/polygel/LC_ACY-WA-PG05.webp","AUTO_B2B_FROM_IMAGE","TRUE"
"Polygel","Polygel","LC_ACY-WA-PG06","LC_ACY-WA-PG06","30","g","100","0","/img/b2b/Polygels/polygel/LC_ACY-WA-PG06.webp","AUTO_B2B_FROM_IMAGE","TRUE"
"Polygel","Polygel","LC_ACY-WA-PG07","LC_ACY-WA-PG07","30","g","100","0","/img/b2b/Polygels/polygel/LC_ACY-WA-PG07.webp","AUTO_B2B_FROM_IMAGE","TRUE"
"Polygel","Polygel","LC_ACY-WA-PG08","LC_ACY-WA-PG08","30","g","100","0","/img/b2b/Polygels/polygel/LC_ACY-WA-PG08.webp","AUTO_B2B_FROM_IMAGE","TRUE"
"Polygel","Polygel","LC_ACY-WA-PG09","LC_ACY-WA-PG09","30","g","100","0","/img/b2b/Polygels/polygel/LC_ACY-WA-PG09.webp","AUTO_B2B_FROM_IMAGE","TRUE"
"Polygel","Polygel","LC_ACY-WA-PG10","LC_ACY-WA-PG10","30","g","100","0","/img/b2b/Polygels/polygel/LC_ACY-WA-PG10.webp","AUTO_B2B_FROM_IMAGE","TRUE"
"Polygel","Polygel","LC_ACY-WA-PG11","LC_ACY-WA-PG11","30","g","100","0","/img/b2b/Polygels/polygel/LC_ACY-WA-PG11.webp","AUTO_B2B_FROM_IMAGE","TRUE"
"Polygel","Polygel","LC_ACY-WA-PG12","LC_ACY-WA-PG12","30","g","100","0","/img/b2b/Polygels/polygel/LC_ACY-WA-PG12.webp","AUTO_B2B_FROM_IMAGE","TRUE"
"Polygel","Polygel","LC_ACY-WA-PG13","LC_ACY-WA-PG13","30","g","100","0","/img/b2b/Polygels/polygel/LC_ACY-WA-PG13.webp","AUTO_B2B_FROM_IMAGE","TRUE"
"Polygel","Polygel","LC_ACY-WA-PG14","LC_ACY-WA-PG14","30","g","100","0","/img/b2b/Polygels/polygel/LC_ACY-WA-PG14.webp","AUTO_B2B_FROM_IMAGE","TRUE"
"Polygel","Polygel","LC_ACY-WA-PG15","LC_ACY-WA-PG15","30","g","100","0","/img/b2b/Polygels/polygel/LC_ACY-WA-PG15.webp","AUTO_B2B_FROM_IMAGE","TRUE"
"Polygel","Polygel","LC_ACY-WA-PG16","LC_ACY-WA-PG16","30","g","100","0","/img/b2b/Polygels/polygel/LC_ACY-WA-PG16.webp","AUTO_B2B_FROM_IMAGE","TRUE"
"Polygel","Polygel","LC_ACY-WA-PG17","LC_ACY-WA-PG17","30","g","100","0","/img/b2b/Polygels/polygel/LC_ACY-WA-PG17.webp","AUTO_B2B_FROM_IMAGE","TRUE"
"Polygel","Polygel","LC_ACY-WA-PG18","LC_ACY-WA-PG18","30","g","100","0","/img/b2b/Polygels/polygel/LC_ACY-WA-PG18.webp","AUTO_B2B_FROM_IMAGE","TRUE"
"Polygel","Polygel","LC_ACY-WA-PG19","LC_ACY-WA-PG19","30","g","100","0","/img/b2b/Polygels/polygel/LC_ACY-WA-PG19.webp","AUTO_B2B_FROM_IMAGE","TRUE"
"Polygel","Polygel","LC_ACY-WA-PG20","LC_ACY-WA-PG20","30","g","100","0","/img/b2b/Polygels/polygel/LC_ACY-WA-PG20.webp","AUTO_B2B_FROM_IMAGE","TRUE"
"Polygel","Polygel","LC_ACY_K_PG01","LC_ACY_K_PG01","30","g","100","0","/img/b2b/Polygels/polygel/LC_ACY_K_PG01.webp","AUTO_B2B_FROM_IMAGE","TRUE"
"Polygel","Polygel","LC_ACY_K_PG02","LC_ACY_K_PG02","30","g","100","0","/img/b2b/Polygels/polygel/LC_ACY_K_PG02.webp","AUTO_B2B_FROM_IMAGE","TRUE"
"Polygel","Polygel","LC_ACY_K_PG03","LC_ACY_K_PG03","30","g","100","0","/img/b2b/Polygels/polygel/LC_ACY_K_PG03.webp","AUTO_B2B_FROM_IMAGE","TRUE"
"Polygel","Polygel","LC_ACY_K_PG04","LC_ACY_K_PG04","30","g","100","0","/img/b2b/Polygels/polygel/LC_ACY_K_PG04.webp","AUTO_B2B_FROM_IMAGE","TRUE"
"Polygel","Polygel","LC_ACY_K_PG05","LC_ACY_K_PG05","30","g","100","0","/img/b2b/Polygels/polygel/LC_ACY_K_PG05.webp","AUTO_B2B_FROM_IMAGE","TRUE"
"Polygel","Polygel","LC_ACY_K_PG06","LC_ACY_K_PG06","30","g","100","0","/img/b2b/Polygels/polygel/LC_ACY_K_PG06.webp","AUTO_B2B_FROM_IMAGE","TRUE"
"Polygel","Polygel","LC_ACY_K_PG07","LC_ACY_K_PG07","30","g","100","0","/img/b2b/Polygels/polygel/LC_ACY_K_PG07.webp","AUTO_B2B_FROM_IMAGE","TRUE"
"Polygel","Polygel","LC_ACY_K_PG08","LC_ACY_K_PG08","30","g","100","0","/img/b2b/Polygels/polygel/LC_ACY_K_PG08.webp","AUTO_B2B_FROM_IMAGE","TRUE"
"Polygel","Polygel","LC_ACY_K_PG09","LC_ACY_K_PG09","30","g","100","0","/img/b2b/Polygels/polygel/LC_ACY_K_PG09.webp","AUTO_B2B_FROM_IMAGE","TRUE"
"Polygel","Polygel","LC_ACY_K_PG10","LC_ACY_K_PG10","30","g","100","0","/img/b2b/Polygels/polygel/LC_ACY_K_PG10.webp","AUTO_B2B_FROM_IMAGE","TRUE"
"Polygel","Polygel","LC_ACY_K_PG11","LC_ACY_K_PG11","30","g","100","0","/img/b2b/Polygels/polygel/LC_ACY_K_PG11.webp","AUTO_B2B_FROM_IMAGE","TRUE"
"Polygel","Polygel","LC_ACY_K_PG12","LC_ACY_K_PG12","30","g","100","0","/img/b2b/Polygels/polygel/LC_ACY_K_PG12.webp","AUTO_B2B_FROM_IMAGE","TRUE"
