filename,dest_filename,source_folder,colour_family,hex,hue_degrees,saturation_pct,brightness_pct
GIUP-C01.jpg,GIUP-C01.jpg,CAT EYE / CAT EYE,Grey_Neutral,#505051,240.0,1.2,31.8
GIUP-C02.jpg,GIUP-C02.jpg,CAT EYE / CAT EYE,Green,#455042,107.1,17.5,31.4
GIUP-C03.jpg,GIUP-C03.jpg,CAT EYE / CAT EYE,Purple,#47424F,263.1,16.5,31.0
GIUP-C04.jpg,GIUP-C04.jpg,CAT EYE / CAT EYE,Red,#5A3433,1.5,43.3,35.3
GIUP-C05.jpg,GIUP-C05.jpg,CAT EYE / CAT EYE,Brown_Nude,#524343,0.0,18.3,32.2
GIUP-C06.jpg,GIUP-C06.jpg,CAT EYE / CAT EYE,Red,#58363D,347.6,38.6,34.5
GIUP-C07.jpg,GIUP-C07.jpg,CAT EYE / CAT EYE,Red,#51353C,345.0,34.6,31.8
GIUP-C08.jpg,GIUP-C08.jpg,CAT EYE / CAT EYE,Green,#4B5047,93.3,11.2,31.4
DCE1.webp,DCE1.webp,CAT EYE / DREAMY CAT EYE,Glitter_Specialty,#A3A5A5,180.0,1.2,64.7
DCE2.webp,DCE2.webp,CAT EYE / DREAMY CAT EYE,Glitter_Specialty,#B39C9A,4.8,14.0,70.2
DCE3.webp,DCE3.webp,CAT EYE / DREAMY CAT EYE,Glitter_Specialty,#BF9192,358.7,24.1,74.9
DCE4.webp,DCE4.webp,CAT EYE / DREAMY CAT EYE,Glitter_Specialty,#B796A7,329.1,18.0,71.8
FAN12.webp,FAN12.webp,CAT EYE / FAN,Other_Specialty,#4F575A,196.4,12.2,35.3
GIUP-FAN01.jpg,GIUP-FAN01.jpg,CAT EYE / FAN,Other_Specialty,#3D4C52,197.1,25.6,32.2
GIUP-FAN02.jpg,GIUP-FAN02.jpg,CAT EYE / FAN,Other_Specialty,#554138,18.6,34.1,33.3
GIUP-FAN03.jpg,GIUP-FAN03.jpg,CAT EYE / FAN,Other_Specialty,#3B3B58,240.0,33.0,34.5
GIUP-FAN04.jpg,GIUP-FAN04.jpg,CAT EYE / FAN,Other_Specialty,#46513B,90.0,27.2,31.8
GIUP-FAN05.jpg,GIUP-FAN05.jpg,CAT EYE / FAN,Other_Specialty,#544A47,13.8,15.5,32.9
GIUP-FAN06.jpg,GIUP-FAN06.jpg,CAT EYE / FAN,Other_Specialty,#5A3F3B,7.7,34.4,35.3
GIUP-FAN07.jpg,GIUP-FAN07.jpg,CAT EYE / FAN,Other_Specialty,#5C5C5C,0.0,0.0,36.1
GIUP-FAN08.jpg,GIUP-FAN08.jpg,CAT EYE / FAN,Other_Specialty,#625A4E,36.0,20.4,38.4
GIUP-FAN09.jpg,GIUP-FAN09.jpg,CAT EYE / FAN,Other_Specialty,#5B5D5E,200.0,3.2,36.9
GIUP-FAN10.jpg,GIUP-FAN10.jpg,CAT EYE / FAN,Other_Specialty,#5C5248,30.0,21.7,36.1
GIUP-FAN11.jpg,GIUP-FAN11.jpg,CAT EYE / FAN,Other_Specialty,#5E5144,30.0,27.7,36.9
GIUP-FAN13.jpg,GIUP-FAN13.jpg,CAT EYE / FAN,Other_Specialty,#57352D,11.4,48.3,34.1
GCE01.webp,GCE01.webp,CAT EYE / GLASS CAT EYE,Glitter_Specialty,#E0E7D7,86.2,6.9,90.6
GCE02.webp,GCE02.webp,CAT EYE / GLASS CAT EYE,Glitter_Specialty,#F3D5DD,344.0,12.3,95.3
GCE03.webp,GCE03.webp,CAT EYE / GLASS CAT EYE,Glitter_Specialty,#D9DCDD,195.0,1.8,86.7
GCE04.webp,GCE04.webp,CAT EYE / GLASS CAT EYE,Glitter_Specialty,#A5BDD0,206.5,20.7,81.6
GCE05.webp,GCE05.webp,CAT EYE / GLASS CAT EYE,Glitter_Specialty,#EBCDAD,31.0,26.4,92.2
GCE06.webp,GCE06.webp,CAT EYE / GLASS CAT EYE,Glitter_Specialty,#DFBBCB,333.3,16.1,87.5
GCE07.webp,GCE07.webp,CAT EYE / GLASS CAT EYE,Glitter_Specialty,#E8CBA4,34.4,29.3,91.0
RQCE1.webp,RQCE1.webp,CAT EYE / ROSE QUARTZ CAT EYE,Glitter_Specialty,#C6708B,341.2,43.4,77.6
RQCE2.webp,RQCE2.webp,CAT EYE / ROSE QUARTZ CAT EYE,Glitter_Specialty,#C8747B,355.0,42.0,78.4
RQCE3.webp,RQCE3.webp,CAT EYE / ROSE QUARTZ CAT EYE,Glitter_Specialty,#CB7E9F,334.3,37.9,79.6
GIUP-VCE-01.jpg,GIUP-VCE-01.jpg,CAT EYE / VELVET CAT EYE,Brown_Nude,#9F908B,15.0,12.6,62.4
GIUP-VCE-02.jpg,GIUP-VCE-02.jpg,CAT EYE / VELVET CAT EYE,Brown_Nude,#A2A2A2,0.0,0.0,63.5
GIUP-VCE-03.jpg,GIUP-VCE-03.jpg,CAT EYE / VELVET CAT EYE,Purple,#A99AAD,287.4,11.0,67.8
GIUP-VCE-04.jpg,GIUP-VCE-04.jpg,CAT EYE / VELVET CAT EYE,Brown_Nude,#AF979B,350.0,13.7,68.6
GIUP-VCE-05.jpg,GIUP-VCE-05.jpg,CAT EYE / VELVET CAT EYE,Blue,#8E99B0,220.6,19.3,69.0
GIUP-VCE-06.webp,GIUP-VCE-06.webp,CAT EYE / VELVET CAT EYE,Green,#829287,138.8,11.0,57.3
GIUP-VCE-07.webp,GIUP-VCE-07.webp,CAT EYE / VELVET CAT EYE,Brown_Nude,#AC9EA0,351.4,8.1,67.5
GIUP-VCE-08.webp,GIUP-VCE-08.webp,CAT EYE / VELVET CAT EYE,Blue,#92ACB7,197.8,20.2,71.8
GIUP-VCE-09.webp,GIUP-VCE-09.webp,CAT EYE / VELVET CAT EYE,Purple,#A19BAE,258.9,10.9,68.2
GIUP-VCE-10.webp,GIUP-VCE-10.webp,CAT EYE / VELVET CAT EYE,Green,#ADB38A,68.8,22.9,70.2
GIUP-02.jpg,GIUP-02.jpg,FRENCH,Red,#E3BBBB,0.0,17.6,89.0
GIUP-03.jpg,GIUP-03.jpg,FRENCH,Orange,#EBC7B9,16.8,21.3,92.2
GIUP-04.jpg,GIUP-04.jpg,FRENCH,White_Clear,#D8D8D2,60.0,2.8,84.7
GIUP-05.jpg,GIUP-05.jpg,FRENCH,Blue,#B9CBE0,212.3,17.4,87.8
GIUP-06.jpg,GIUP-06.jpg,FRENCH,Blue,#AED6D1,172.5,18.7,83.9
GIUP-07.jpg,GIUP-07.jpg,FRENCH,Blue,#D7D1EB,253.8,11.1,92.2
GIUP-08.jpg,GIUP-08.jpg,FRENCH,White_Clear,#D2D2CE,60.0,1.9,82.4
GIUP-08B.jpg,GIUP-08B.jpg,FRENCH,White_Clear,#D5D5CC,60.0,4.2,83.5
GIUP-09.jpg,GIUP-09.jpg,FRENCH,Orange,#DEC6B7,23.1,17.6,87.1
GIUP-10.jpg,GIUP-10.jpg,FRENCH,White_Clear,#D4D4D4,0.0,0.0,83.1
GIUP-2B.jpg,GIUP-2B.jpg,FRENCH,Pink,#E5C7D5,332.0,13.1,89.8
GIUP-2C.jpg,GIUP-2C.jpg,FRENCH,Pink,#F0BFCC,344.1,20.4,94.1
GIUP-2D.jpg,GIUP-2D.jpg,FRENCH,Red,#F5B7C1,350.3,25.3,96.1
GIUP-2E.jpg,GIUP-2E.jpg,FRENCH,Red,#F2B8B6,2.0,24.8,94.9
GIUP-2F.jpg,GIUP-2F.jpg,FRENCH,Red,#E7CDC7,11.3,13.9,90.6
GIUP-2G.jpg,GIUP-2G.jpg,FRENCH,Pink,#DEC5CD,340.8,11.3,87.1
GIUP-2H.webp,GIUP-2H.webp,FRENCH,Red,#E0CBCC,357.1,9.4,87.8
GIUP-2I.webp,GIUP-2I.webp,FRENCH,Red,#E9D0D5,348.0,10.7,91.4
GIUP-7B.jpg,GIUP-7B.jpg,FRENCH,White_Clear,#E1D3E1,300.0,6.2,88.2
GIUP-7C.jpg,GIUP-7C.jpg,FRENCH,Blue,#C4BCEC,250.0,20.3,92.5
GIUP-7D.jpg,GIUP-7D.jpg,FRENCH,Pink,#DBC1CD,332.3,11.9,85.9
GIUP-8A.jpg,GIUP-8A.jpg,FRENCH,White_Clear,#CFCFCF,0.0,0.0,81.2
GIUP-8C.jpg,GIUP-8C.jpg,FRENCH,White_Clear,#BDC2C3,190.0,3.1,76.5
GIUP-8D.jpg,GIUP-8D.jpg,FRENCH,White_Clear,#C2C6C4,150.0,2.0,77.6
GIUP-8E.jpg,GIUP-8E.jpg,FRENCH,White_Clear,#DADBD9,90.0,0.9,85.9
GIUP-8F.webp,GIUP-8F.webp,FRENCH,White_Clear,#DBDADD,260.0,1.4,86.7
GIUP-9A.jpg,GIUP-9A.jpg,FRENCH,Orange,#F3C19F,24.3,34.6,95.3
GIUP-9B.jpg,GIUP-9B.jpg,FRENCH,Brown_Nude,#C8B7B0,17.5,12.0,78.4
GIUP-FR01.jpg,GIUP-FR01.jpg,FRENCH,Orange,#E4CDC0,21.7,15.8,89.4
GIUP-FR02.jpg,GIUP-FR02.jpg,FRENCH,Orange,#CFB6AB,18.3,17.4,81.2
GIUP-FR03.jpg,GIUP-FR03.jpg,FRENCH,Red,#E59392,0.7,36.2,89.8
GIUP-FR04.webp,GIUP-FR04.webp,FRENCH,Red,#EBCFD2,353.6,11.9,92.2
GIUP-FR05.webp,GIUP-FR05.webp,FRENCH,Red,#E6CDC8,10.0,13.0,90.2
GIUP-FR06.webp,GIUP-FR06.webp,FRENCH,White_Clear,#D1D1D1,0.0,0.0,82.0
GIUP-FR08.webp,GIUP-FR08.webp,FRENCH,White_Clear,#E0DCE0,300.0,1.8,87.8
GIUP-320.jpg,GIUP-320.jpg,GLASS EFFECT,Glitter_Specialty,#FAE7AD,45.2,30.8,98.0
GIUP-322.jpg,GIUP-322.jpg,GLASS EFFECT,Glitter_Specialty,#D2EEEA,171.4,11.8,93.3
GIUP-324.jpg,GIUP-324.jpg,GLASS EFFECT,Glitter_Specialty,#FACAE7,323.7,19.2,98.0
GIUP-325.jpg,GIUP-325.jpg,GLASS EFFECT,Glitter_Specialty,#A5CEFA,211.1,34.0,98.0
GIUP-326.jpg,GIUP-326.jpg,GLASS EFFECT,Glitter_Specialty,#C5E7B5,100.8,21.6,90.6
GIUP-327.jpg,GIUP-327.jpg,GLASS EFFECT,Glitter_Specialty,#EEC0FA,287.6,23.2,98.0
GIUP-328.jpg,GIUP-328.jpg,GLASS EFFECT,Glitter_Specialty,#E88792,353.2,41.8,91.0
GIUP-329.jpg,GIUP-329.jpg,GLASS EFFECT,Glitter_Specialty,#AC9DD8,255.3,27.3,84.7
GIUP-330.jpg,GIUP-330.jpg,GLASS EFFECT,Glitter_Specialty,#EBC5CA,352.1,16.2,92.2
GIUP-331.webp,GIUP-331.webp,GLASS EFFECT,Glitter_Specialty,#CA828A,353.3,35.6,79.2
GIUP-ODA01.jpg,GIUP-ODA01.jpg,GLASS EFFECT,Glitter_Specialty,#ECDED4,25.0,10.2,92.5
GIUP-ODA02.jpg,GIUP-ODA02.jpg,GLASS EFFECT,Glitter_Specialty,#CEB7AE,16.9,15.5,80.8
GIUP-ODA03.jpg,GIUP-ODA03.jpg,GLASS EFFECT,Glitter_Specialty,#E1C1AC,23.8,23.6,88.2
GIUP-OTA04.jpg,GIUP-OTA04.jpg,GLASS EFFECT,Glitter_Specialty,#E2D0AB,40.4,24.3,88.6
GIUP-OTA05.jpg,GIUP-OTA05.jpg,GLASS EFFECT,Glitter_Specialty,#E2B9AB,15.3,24.3,88.6
GIUP-OTA07.jpg,GIUP-OTA07.jpg,GLASS EFFECT,Glitter_Specialty,#D0B397,29.5,27.4,81.6
GIUP-OTA08.jpg,GIUP-OTA08.jpg,GLASS EFFECT,Glitter_Specialty,#A99993,16.4,13.0,66.3
GIUP-OTE06.jpg,GIUP-OTE06.jpg,GLASS EFFECT,Glitter_Specialty,#E6B5AB,10.2,25.7,90.2
GIUP-163.jpg,GIUP-163.jpg,GLITTERS,Glitter_Specialty,#899498,196.0,9.9,59.6
GIUP-1813.jpg,GIUP-1813.jpg,GLITTERS,Glitter_Specialty,#3D5C41,127.7,33.7,36.1
GIUP-1817.jpg,GIUP-1817.jpg,GLITTERS,Glitter_Specialty,#313C69,228.2,53.3,41.2
GIUP-1818.jpg,GIUP-1818.jpg,GLITTERS,Glitter_Specialty,#A68B7C,21.4,25.3,65.1
GIUP-1819.jpg,GIUP-1819.jpg,GLITTERS,Glitter_Specialty,#8EA5AB,192.4,17.0,67.1
GIUP-1822.jpg,GIUP-1822.jpg,GLITTERS,Glitter_Specialty,#4B4239,30.0,24.0,29.4
GIUP-1935.jpg,GIUP-1935.jpg,GLITTERS,Glitter_Specialty,#7F3A3A,0.0,54.3,49.8
GIUP-1936.jpg,GIUP-1936.jpg,GLITTERS,Glitter_Specialty,#7F493D,10.9,52.0,49.8
GIUP-1937.jpg,GIUP-1937.jpg,GLITTERS,Glitter_Specialty,#564235,23.6,38.4,33.7
GIUP-1939.jpg,GIUP-1939.jpg,GLITTERS,Glitter_Specialty,#7C5341,18.3,47.6,48.6
GIUP-1942.jpg,GIUP-1942.jpg,GLITTERS,Glitter_Specialty,#856A97,276.0,29.8,59.2
GIUP-1944.jpg,GIUP-1944.jpg,GLITTERS,Glitter_Specialty,#8A9CA2,195.0,14.8,63.5
GIUP-200.jpg,GIUP-200.jpg,GLITTERS,Glitter_Specialty,#DBDBDB,0.0,0.0,85.9
GIUP-201.jpg,GIUP-201.jpg,GLITTERS,Glitter_Specialty,#E1DFCF,53.3,8.0,88.2
GIUP-202.jpg,GIUP-202.jpg,GLITTERS,Glitter_Specialty,#D7D6D1,50.0,2.8,84.3
GIUP-203.jpg,GIUP-203.jpg,GLITTERS,Glitter_Specialty,#BEA98D,34.3,25.8,74.5
GIUP-204.jpg,GIUP-204.jpg,GLITTERS,Glitter_Specialty,#AA9C7E,40.9,25.9,66.7
GIUP-205.jpg,GIUP-205.jpg,GLITTERS,Glitter_Specialty,#5FA79E,172.5,43.1,65.5
GIUP-206.jpg,GIUP-206.jpg,GLITTERS,Glitter_Specialty,#CCDFE3,190.4,10.1,89.0
GIUP-207.jpg,GIUP-207.jpg,GLITTERS,Glitter_Specialty,#5E97A8,193.8,44.0,65.9
GIUP-208.jpg,GIUP-208.jpg,GLITTERS,Glitter_Specialty,#6CA3AB,187.6,36.8,67.1
GIUP-209.jpg,GIUP-209.jpg,GLITTERS,Glitter_Specialty,#CCA2A8,351.4,20.6,80.0
GIUP-210.jpg,GIUP-210.jpg,GLITTERS,Glitter_Specialty,#8B2D28,3.0,71.2,54.5
GIUP-211.jpg,GIUP-211.jpg,GLITTERS,Glitter_Specialty,#65635D,45.0,7.9,39.6
GIUP-2112.jpg,GIUP-2112.jpg,GLITTERS,Glitter_Specialty,#B4BBBB,180.0,3.7,73.3
GIUP-2113.jpg,GIUP-2113.jpg,GLITTERS,Glitter_Specialty,#9FA29E,105.0,2.5,63.5
GIUP-2113A.jpg,GIUP-2113A.jpg,GLITTERS,Glitter_Specialty,#89846C,49.7,21.2,53.7
GIUP-2113B.jpg,GIUP-2113B.jpg,GLITTERS,Glitter_Specialty,#806867,2.4,19.5,50.2
GIUP-2113C.jpg,GIUP-2113C.jpg,GLITTERS,Glitter_Specialty,#9F7780,346.5,25.2,62.4
GIUP-2113D.jpg,GIUP-2113D.jpg,GLITTERS,Glitter_Specialty,#8F6064,354.9,32.9,56.1
GIUP-2113E.jpg,GIUP-2113E.jpg,GLITTERS,Glitter_Specialty,#ADA490,41.4,16.8,67.8
GIUP-2113F.jpg,GIUP-2113F.jpg,GLITTERS,Glitter_Specialty,#4B4E4C,140.0,3.8,30.6
GIUP-2113G.jpg,GIUP-2113G.jpg,GLITTERS,Glitter_Specialty,#AE3635,0.5,69.5,68.2
GIUP-2113J.jpg,GIUP-2113J.jpg,GLITTERS,Glitter_Specialty,#49567F,225.6,42.5,49.8
GIUP-2113K.jpg,GIUP-2113K.jpg,GLITTERS,Glitter_Specialty,#77999D,186.3,24.2,61.6
GIUP-2113L.jpg,GIUP-2113L.jpg,GLITTERS,Glitter_Specialty,#885274,322.2,39.7,53.3
GIUP-2113M.jpg,GIUP-2113M.jpg,GLITTERS,Glitter_Specialty,#837A8D,268.4,13.5,55.3
GIUP-2113N.jpg,GIUP-2113N.jpg,GLITTERS,Glitter_Specialty,#AB6A82,337.8,38.0,67.1
GIUP-2113O.webp,GIUP-2113O.webp,GLITTERS,Glitter_Specialty,#72525A,345.0,28.1,44.7
GIUP-2113P.webp,GIUP-2113P.webp,GLITTERS,Glitter_Specialty,#D6678F,338.4,51.9,83.9
GIUP-2113Q.webp,GIUP-2113Q.webp,GLITTERS,Glitter_Specialty,#C6A6A4,3.5,17.2,77.6
GIUP-2113R.webp,GIUP-2113R.webp,GLITTERS,Glitter_Specialty,#484B48,120.0,4.0,29.4
GIUP-212.jpg,GIUP-212.jpg,GLITTERS,Glitter_Specialty,#C3C3C3,0.0,0.0,76.5
GIUP-213.jpg,GIUP-213.jpg,GLITTERS,Glitter_Specialty,#9AA4AA,202.5,9.4,66.7
GIUP-214.jpg,GIUP-214.jpg,GLITTERS,Glitter_Specialty,#C8C8C8,0.0,0.0,78.4
GIUP-2145.jpg,GIUP-2145.jpg,GLITTERS,Glitter_Specialty,#AB8785,3.2,22.2,67.1
GIUP-2145A.jpg,GIUP-2145A.jpg,GLITTERS,Glitter_Specialty,#D0B7B6,2.3,12.5,81.6
GIUP-215.jpg,GIUP-215.jpg,GLITTERS,Glitter_Specialty,#B4A787,42.7,25.0,70.6
GIUP-216.jpg,GIUP-216.jpg,GLITTERS,Glitter_Specialty,#637F97,207.7,34.4,59.2
GIUP-217.jpg,GIUP-217.jpg,GLITTERS,Glitter_Specialty,#946C89,316.5,27.0,58.0
GIUP-218.jpg,GIUP-218.jpg,GLITTERS,Glitter_Specialty,#4C3D42,340.0,19.7,29.8
GIUP-219.jpg,GIUP-219.jpg,GLITTERS,Glitter_Specialty,#65635D,45.0,7.9,39.6
GIUP-220.jpg,GIUP-220.jpg,GLITTERS,Glitter_Specialty,#625B4C,40.9,22.4,38.4
GIUP-221.jpg,GIUP-221.jpg,GLITTERS,Glitter_Specialty,#D7BAC1,345.5,13.5,84.3
GIUP-222.jpg,GIUP-222.jpg,GLITTERS,Glitter_Specialty,#6F4979,287.5,39.7,47.5
GIUP-223.jpg,GIUP-223.jpg,GLITTERS,Glitter_Specialty,#335688,215.3,62.5,53.3
GIUP-224.jpg,GIUP-224.jpg,GLITTERS,Glitter_Specialty,#77608B,272.1,30.9,54.5
GIUP-225.jpg,GIUP-225.jpg,GLITTERS,Glitter_Specialty,#A84C44,4.8,59.5,65.9
GIUP-226.jpg,GIUP-226.jpg,GLITTERS,Glitter_Specialty,#C883A5,330.4,34.5,78.4
GIUP-227.jpg,GIUP-227.jpg,GLITTERS,Glitter_Specialty,#EED1D6,349.7,12.2,93.3
GIUP-2325.jpg,GIUP-2325.jpg,GLITTERS,Glitter_Specialty,#92908F,20.0,2.1,57.3
GIUP-2326.jpg,GIUP-2326.jpg,GLITTERS,Glitter_Specialty,#6E3635,1.1,51.8,43.1
GIUP-2327.jpg,GIUP-2327.jpg,GLITTERS,Glitter_Specialty,#5A3F3E,2.1,31.1,35.3
GIUP-2328.jpg,GIUP-2328.jpg,GLITTERS,Glitter_Specialty,#4C3B4C,300.0,22.4,29.8
GIUP-2329.jpg,GIUP-2329.jpg,GLITTERS,Glitter_Specialty,#806D87,283.8,19.3,52.9
GIUP-2330.jpg,GIUP-2330.jpg,GLITTERS,Glitter_Specialty,#C4A4A7,354.4,16.3,76.9
GIUP-2331.jpg,GIUP-2331.jpg,GLITTERS,Glitter_Specialty,#A25374,334.9,48.8,63.5
GIUP-2400.jpg,GIUP-2400.jpg,GLITTERS,Glitter_Specialty,#CEB2B1,2.1,14.1,80.8
GIUP-2430.jpg,GIUP-2430.jpg,GLITTERS,Glitter_Specialty,#2DA39D,176.9,72.4,63.9
GIUP-2431.jpg,GIUP-2431.jpg,GLITTERS,Glitter_Specialty,#6E779E,228.8,30.4,62.0
GIUP-2434.jpg,GIUP-2434.jpg,GLITTERS,Glitter_Specialty,#664D42,18.3,35.3,40.0
GIUP-2435.jpg,GIUP-2435.jpg,GLITTERS,Glitter_Specialty,#BEB8B5,20.0,4.7,74.5
GIUP-2447.jpg,GIUP-2447.jpg,GLITTERS,Glitter_Specialty,#324B50,190.0,37.5,31.4
GIUP-2448.jpg,GIUP-2448.jpg,GLITTERS,Glitter_Specialty,#595146,34.7,21.3,34.9
GIUP-2452.jpg,GIUP-2452.jpg,GLITTERS,Glitter_Specialty,#54504E,20.0,7.1,32.9
GIUP-2454.jpg,GIUP-2454.jpg,GLITTERS,Glitter_Specialty,#7F3D3E,359.1,52.0,49.8
GIUP-250.jpg,GIUP-250.jpg,GLITTERS,Glitter_Specialty,#A9A9A9,0.0,0.0,66.3
GIUP-251.jpg,GIUP-251.jpg,GLITTERS,Glitter_Specialty,#A79473,38.1,31.1,65.5
GIUP-2514.webp,GIUP-2514.webp,GLITTERS,Glitter_Specialty,#6B7160,81.2,15.0,44.3
GIUP-2517.webp,GIUP-2517.webp,GLITTERS,Glitter_Specialty,#935172,330.0,44.9,57.6
GIUP-252.jpg,GIUP-252.jpg,GLITTERS,Glitter_Specialty,#DCDFDF,180.0,1.3,87.5
GIUP-2520.webp,GIUP-2520.webp,GLITTERS,Glitter_Specialty,#A84753,352.6,57.7,65.9
GIUP-2522.webp,GIUP-2522.webp,GLITTERS,Glitter_Specialty,#724C4C,0.0,33.3,44.7
GIUP-2524.webp,GIUP-2524.webp,GLITTERS,Glitter_Specialty,#5A3D4F,322.8,32.2,35.3
GIUP-253.jpg,GIUP-253.jpg,GLITTERS,Glitter_Specialty,#806550,26.2,37.5,50.2
GIUP-254.jpg,GIUP-254.jpg,GLITTERS,Glitter_Specialty,#A4858B,348.4,18.9,64.3
GIUP-255.jpg,GIUP-255.jpg,GLITTERS,Glitter_Specialty,#AEA08C,35.3,19.5,68.2
GIUP-256.jpg,GIUP-256.jpg,GLITTERS,Glitter_Specialty,#B4ADA3,35.3,9.4,70.6
GIUP-257.jpg,GIUP-257.jpg,GLITTERS,Glitter_Specialty,#BFAC8D,37.2,26.2,74.9
GIUP-258.jpg,GIUP-258.jpg,GLITTERS,Glitter_Specialty,#8A75BD,257.5,38.1,74.1
GIUP-600.jpg,GIUP-600.jpg,GLITTERS,Glitter_Specialty,#CED1D1,180.0,1.4,82.0
GIUP-601.jpg,GIUP-601.jpg,GLITTERS,Glitter_Specialty,#D5D3D2,20.0,1.4,83.5
GIUP-602.jpg,GIUP-602.jpg,GLITTERS,Glitter_Specialty,#D3D9DA,188.6,3.2,85.5
GIUP-603.jpg,GIUP-603.jpg,GLITTERS,Glitter_Specialty,#C3C6C5,160.0,1.5,77.6
GIUP-604.webp,GIUP-604.webp,GLITTERS,Glitter_Specialty,#DFE0DE,90.0,0.9,87.8
GIUP-900.jpg,GIUP-900.jpg,GLITTERS,Glitter_Specialty,#D2D2D2,0.0,0.0,82.4
GIUP-901.jpg,GIUP-901.jpg,GLITTERS,Glitter_Specialty,#DDD5D8,337.5,3.6,86.7
GIUP-902.jpg,GIUP-902.jpg,GLITTERS,Glitter_Specialty,#E3D3D4,356.2,7.0,89.0
GIUP-903.jpg,GIUP-903.jpg,GLITTERS,Glitter_Specialty,#D0CBE2,253.0,10.2,88.6
GIUP-904.jpg,GIUP-904.jpg,GLITTERS,Glitter_Specialty,#BBCBCF,192.0,9.7,81.2
GIUP-JNF01.jpg,GIUP-JNF01.jpg,JELLY,Yellow,#D8C34C,51.0,64.8,84.7
GIUP-JNF02.jpg,GIUP-JNF02.jpg,JELLY,Orange,#B47331,30.2,72.8,70.6
GIUP-JNF03.jpg,GIUP-JNF03.jpg,JELLY,Pink,#AF5E8F,323.7,46.3,68.6
GIUP-JNF04.jpg,GIUP-JNF04.jpg,JELLY,Purple,#8C5DA8,277.6,44.6,65.9
GIUP-JNF05.jpg,GIUP-JNF05.jpg,JELLY,Green,#82BF81,119.0,32.5,74.9
GIUP-JNF06.jpg,GIUP-JNF06.jpg,JELLY,Blue,#4583BA,208.2,62.9,72.9
MC1.webp,MC1.webp,METALLIC COLLECTION,Glitter_Specialty,#8375AA,255.8,31.2,66.7
MC2.webp,MC2.webp,METALLIC COLLECTION,Glitter_Specialty,#5E908F,178.8,34.7,56.5
MC3.webp,MC3.webp,METALLIC COLLECTION,Glitter_Specialty,#486653,142.0,29.4,40.0
MC4.webp,MC4.webp,METALLIC COLLECTION,Glitter_Specialty,#475465,214.0,29.7,39.6
MC5.webp,MC5.webp,METALLIC COLLECTION,Glitter_Specialty,#8D3843,352.2,60.3,55.3
MC6.webp,MC6.webp,METALLIC COLLECTION,Glitter_Specialty,#8D3852,341.6,60.3,55.3
MC7.webp,MC7.webp,METALLIC COLLECTION,Glitter_Specialty,#3E3B5F,245.0,37.9,37.3
MC8.webp,MC8.webp,METALLIC COLLECTION,Glitter_Specialty,#6D4271,294.9,41.6,44.3
GIUP-NYP01.jpg,GIUP-NYP01.jpg,NEW YORK,Other_Specialty,#BC8D8F,357.4,25.0,73.7
GIUP-NYP02.jpg,GIUP-NYP02.jpg,NEW YORK,Other_Specialty,#A07F53,34.3,48.1,62.7
GIUP-NYP03.jpg,GIUP-NYP03.jpg,NEW YORK,Other_Specialty,#783F3E,1.0,48.3,47.1
GIUP-NYP04.jpg,GIUP-NYP04.jpg,NEW YORK,Other_Specialty,#5A7581,198.5,30.2,50.6
GIUP-N001.jpg,GIUP-N001.jpg,NUDE,Yellow,#DFD6B8,46.2,17.5,87.5
GIUP-N002.jpg,GIUP-N002.jpg,NUDE,Orange,#E0D4D1,12.0,6.7,87.8
GIUP-N003.jpg,GIUP-N003.jpg,NUDE,Orange,#ECD9CC,24.4,13.6,92.5
GIUP-N004.jpg,GIUP-N004.jpg,NUDE,White_Clear,#E5E4DA,54.5,4.8,89.8
GIUP-N005.jpg,GIUP-N005.jpg,NUDE,Brown_Nude,#B39897,2.1,15.6,70.2
GIUP-N006.jpg,GIUP-N006.jpg,NUDE,Brown_Nude,#C6ADA6,13.1,16.2,77.6
GIUP-N007.jpg,GIUP-N007.jpg,NUDE,Red,#D2C1BD,11.4,10.0,82.4
GIUP-N008.jpg,GIUP-N008.jpg,NUDE,White_Clear,#E4DDD9,21.8,4.8,89.4
GIUP-N009.jpg,GIUP-N009.jpg,NUDE,Orange,#E5C4B7,17.0,20.1,89.8
GIUP-N010.jpg,GIUP-N010.jpg,NUDE,Orange,#D1B7B0,12.7,15.8,82.0
GIUP-N011.jpg,GIUP-N011.jpg,NUDE,White_Clear,#D3CDCF,340.0,2.8,82.7
GIUP-N012.jpg,GIUP-N012.jpg,NUDE,White_Clear,#CED1D2,195.0,1.9,82.4
GIUP-N013.jpg,GIUP-N013.jpg,NUDE,Orange,#D8CFC7,28.2,7.9,84.7
GIUP-N014.jpg,GIUP-N014.jpg,NUDE,Orange,#E0D5CA,30.0,9.8,87.8
GIUP-N015.jpg,GIUP-N015.jpg,NUDE,White_Clear,#DED6D4,12.0,4.5,87.1
GIUP-N016.jpg,GIUP-N016.jpg,NUDE,Brown_Nude,#CABBBB,0.0,7.4,79.2
GIUP-N017.jpg,GIUP-N017.jpg,NUDE,Red,#D3C1C2,356.7,8.5,82.7
GIUP-N018.jpg,GIUP-N018.jpg,NUDE,Red,#D3C2BF,9.0,9.5,82.7
GIUP-N019.jpg,GIUP-N019.jpg,NUDE,Orange,#D9C3B5,23.3,16.6,85.1
GIUP-N020.jpg,GIUP-N020.jpg,NUDE,Orange,#D5B8AC,17.6,19.2,83.5
GIUP-N021.jpg,GIUP-N021.jpg,NUDE,Brown_Nude,#C1A59C,14.6,19.2,75.7
GIUP-N022.jpg,GIUP-N022.jpg,NUDE,Brown_Nude,#BBA39B,15.0,17.1,73.3
GIUP-N023.jpg,GIUP-N023.jpg,NUDE,White_Clear,#DCD1D2,354.5,5.0,86.3
GIUP-N025.webp,GIUP-N025.webp,NUDE,Brown_Nude,#B19990,16.4,18.6,69.4
GIUP-2030.jpg,GIUP-2030.jpg,PASTEL,Blue,#BED9DC,186.0,13.6,86.3
GIUP-2032.jpg,GIUP-2032.jpg,PASTEL,Blue,#C3D4DE,202.2,12.2,87.1
GIUP-2035.jpg,GIUP-2035.jpg,PASTEL,Pink,#DCC3D2,324.0,11.4,86.3
GIUP-2036.jpg,GIUP-2036.jpg,PASTEL,White_Clear,#DFD6DB,326.7,4.0,87.5
GIUP-2037.jpg,GIUP-2037.jpg,PASTEL,White_Clear,#E1DAD6,21.8,4.9,88.2
GIUP-2040.jpg,GIUP-2040.jpg,PASTEL,Red,#E4CCC9,6.7,11.8,89.4
GIUP-2059.jpg,GIUP-2059.jpg,PASTEL,White_Clear,#C4CDCE,186.0,4.9,80.8
GIUP-2100.jpg,GIUP-2100.jpg,PASTEL,White_Clear,#D5D5D5,0.0,0.0,83.5
GIUP-2101.jpg,GIUP-2101.jpg,PASTEL,White_Clear,#DFDCDA,24.0,2.2,87.5
GIUP-2102.jpg,GIUP-2102.jpg,PASTEL,White_Clear,#EADFD4,30.0,9.4,91.8
GIUP-2103.jpg,GIUP-2103.jpg,PASTEL,Yellow,#F2E7C9,43.9,16.9,94.9
GIUP-2104.jpg,GIUP-2104.jpg,PASTEL,White_Clear,#E9DCDB,4.3,6.0,91.4
GIUP-2105.jpg,GIUP-2105.jpg,PASTEL,White_Clear,#EADDE1,341.5,5.6,91.8
GIUP-2106.jpg,GIUP-2106.jpg,PASTEL,White_Clear,#E8E9DD,65.0,5.2,91.4
GIUP-2107.jpg,GIUP-2107.jpg,PASTEL,Yellow,#E5E5CD,60.0,10.5,89.8
GIUP-2108.jpg,GIUP-2108.jpg,PASTEL,White_Clear,#DCE2D8,96.0,4.4,88.6
GIUP-2109.jpg,GIUP-2109.jpg,PASTEL,White_Clear,#D8E0E1,186.7,4.0,88.2
GIUP-2110.jpg,GIUP-2110.jpg,PASTEL,White_Clear,#DDDADA,0.0,1.4,86.7
GIUP-2111.jpg,GIUP-2111.jpg,PASTEL,White_Clear,#DBD9DE,264.0,2.3,87.1
GIUP-2301.jpg,GIUP-2301.jpg,PASTEL,Red,#DCBBBC,358.2,15.0,86.3
GIUP-2307.jpg,GIUP-2307.jpg,PASTEL,Pink,#E5AFBD,344.4,23.6,89.8
GIUP-2318.jpg,GIUP-2318.jpg,PASTEL,Blue,#A9B7B9,187.5,8.6,72.5
GIUP-2401.jpg,GIUP-2401.jpg,PASTEL,White_Clear,#E2D3DA,332.0,6.6,88.6
GIUP-2402.jpg,GIUP-2402.jpg,PASTEL,White_Clear,#E0D6D4,10.0,5.4,87.8
GIUP-2403.jpg,GIUP-2403.jpg,PASTEL,Red,#ECCFCC,5.6,13.6,92.5
GIUP-2404.jpg,GIUP-2404.jpg,PASTEL,Pink,#ECCFD8,341.4,12.3,92.5
GIUP-2405.jpg,GIUP-2405.jpg,PASTEL,Red,#D09BA8,345.3,25.5,81.6
GIUP-2407.jpg,GIUP-2407.jpg,PASTEL,White_Clear,#D8DCDF,205.7,3.1,87.5
GIUP-2408.jpg,GIUP-2408.jpg,PASTEL,Pink,#DEC9D2,334.3,9.5,87.1
GIUP-2410.jpg,GIUP-2410.jpg,PASTEL,Blue,#B4D1CA,165.5,13.9,82.0
GIUP-2411.jpg,GIUP-2411.jpg,PASTEL,Purple,#CCBFD2,281.1,9.0,82.4
GIUP-2412.jpg,GIUP-2412.jpg,PASTEL,Yellow,#E5DCB8,48.0,19.7,89.8
GIUP-2413.jpg,GIUP-2413.jpg,PASTEL,White_Clear,#D5E4CF,102.9,9.2,89.4
GIUP-2414.jpg,GIUP-2414.jpg,PASTEL,Pink,#E7CCD7,335.6,11.7,90.6
GIUP-2415.jpg,GIUP-2415.jpg,PASTEL,Red,#E1C9CA,357.5,10.7,88.2
GIUP-2432.jpg,GIUP-2432.jpg,PASTEL,White_Clear,#D6D7D5,90.0,0.9,84.3
GIUP-2433.jpg,GIUP-2433.jpg,PASTEL,White_Clear,#DFD9DD,320.0,2.7,87.5
GIUP-2500.webp,GIUP-2500.webp,PASTEL,White_Clear,#ECDBE2,335.3,7.2,92.5
GIUP-2501.webp,GIUP-2501.webp,PASTEL,White_Clear,#E3DBDF,330.0,3.5,89.0
GIUP-2502.webp,GIUP-2502.webp,PASTEL,White_Clear,#DCE7EA,192.9,6.0,91.8
GIUP-2503.webp,GIUP-2503.webp,PASTEL,Purple,#D5CDE6,259.2,10.9,90.2
GIUP-2504.webp,GIUP-2504.webp,PASTEL,Red,#EDADA9,3.5,28.7,92.9
GIUP-2505.webp,GIUP-2505.webp,PASTEL,Blue,#B7ADF3,248.6,28.8,95.3
GIUP-2506.webp,GIUP-2506.webp,PASTEL,Yellow,#F1EFA5,58.4,31.5,94.5
GIUP-2508.webp,GIUP-2508.webp,PASTEL,Pink,#F890B0,341.5,41.9,97.3
GIUP-2600.webp,GIUP-2600.webp,PASTEL,White_Clear,#D8D8D6,60.0,0.9,84.7
GIUP-2601.webp,GIUP-2601.webp,PASTEL,White_Clear,#DCDCD9,60.0,1.4,86.3
GIUP-2602.webp,GIUP-2602.webp,PASTEL,White_Clear,#DCD9D9,0.0,1.4,86.3
GIUP-2603.webp,GIUP-2603.webp,PASTEL,White_Clear,#E7E1D9,34.3,6.1,90.6
GIUP-2604.webp,GIUP-2604.webp,PASTEL,White_Clear,#ECE0D7,25.7,8.9,92.5
GIUP-2605.webp,GIUP-2605.webp,PASTEL,Orange,#F5D8BC,29.5,23.3,96.1
GIUP-2606.webp,GIUP-2606.webp,PASTEL,White_Clear,#D8D6D5,20.0,1.4,84.7
GIUP-2607.webp,GIUP-2607.webp,PASTEL,Blue,#D0DDF1,216.4,13.7,94.5
GIUP-2608.webp,GIUP-2608.webp,PASTEL,White_Clear,#E6DBDF,338.2,4.8,90.2
GIUP-2609.webp,GIUP-2609.webp,PASTEL,White_Clear,#D9E5D9,120.0,5.2,89.8
GIUP-2610.webp,GIUP-2610.webp,PASTEL,White_Clear,#E4DADD,342.0,4.4,89.4
GIUP-1917.jpg,GIUP-1917.jpg,PEARL,Glitter_Specialty,#7AA1AE,195.0,29.9,68.2
GIUP-1918.jpg,GIUP-1918.jpg,PEARL,Glitter_Specialty,#C49196,354.1,26.0,76.9
GIUP-1919.jpg,GIUP-1919.jpg,PEARL,Glitter_Specialty,#D6BCA1,30.6,24.8,83.9
GIUP-2416.jpg,GIUP-2416.jpg,PEARL,Glitter_Specialty,#D2D2D2,0.0,0.0,82.4
GIUP-2417.jpg,GIUP-2417.jpg,PEARL,Glitter_Specialty,#E3C7D3,334.3,12.3,89.0
GIUP-2418.jpg,GIUP-2418.jpg,PEARL,Glitter_Specialty,#B1D0E4,203.5,22.4,89.4
GIUP-PMA1.jpg,GIUP-PMA1.jpg,PMA,Other_Specialty,#C6B58B,42.7,29.8,77.6
GIUP-PMA2.jpg,GIUP-PMA2.jpg,PMA,Other_Specialty,#C69E9C,2.9,21.2,77.6
GIUP-PMA3.jpg,GIUP-PMA3.jpg,PMA,Other_Specialty,#A18871,28.8,29.8,63.1
GIUP-PMA4.jpg,GIUP-PMA4.jpg,PMA,Other_Specialty,#67AA69,121.8,39.4,66.7
GIUP-PMA5.jpg,GIUP-PMA5.jpg,PMA,Other_Specialty,#B75F5D,1.3,49.2,71.8
GIUP-PMA6.jpg,GIUP-PMA6.jpg,PMA,Other_Specialty,#C8779A,334.1,40.5,78.4
GIUP-PMA7.jpg,GIUP-PMA7.jpg,PMA,Other_Specialty,#6491AA,201.4,41.2,66.7
GIUP-PMA8.jpg,GIUP-PMA8.jpg,PMA,Other_Specialty,#9185A8,260.6,20.8,65.9
GIUP-R01.jpg,GIUP-R01.jpg,RONE,Other_Specialty,#A5A5A5,0.0,0.0,64.7
GIUP-R010.jpg,GIUP-R010.jpg,RONE,Other_Specialty,#BEE1C9,138.9,15.6,88.2
GIUP-R011.jpg,GIUP-R011.jpg,RONE,Other_Specialty,#9A7D4F,36.8,48.7,60.4
GIUP-R012.jpg,GIUP-R012.jpg,RONE,Other_Specialty,#F2B5AB,8.5,29.3,94.9
GIUP-R013.jpg,GIUP-R013.jpg,RONE,Other_Specialty,#EC779A,342.1,49.6,92.5
GIUP-R014.jpg,GIUP-R014.jpg,RONE,Other_Specialty,#61E661,120.0,57.8,90.2
GIUP-R015.jpg,GIUP-R015.jpg,RONE,Other_Specialty,#F8B165,31.0,59.3,97.3
GIUP-R016.jpg,GIUP-R016.jpg,RONE,Other_Specialty,#DF4182,335.3,70.9,87.5
GIUP-R017.jpg,GIUP-R017.jpg,RONE,Other_Specialty,#717171,0.0,0.0,44.3
GIUP-R018.jpg,GIUP-R018.jpg,RONE,Other_Specialty,#DCDCDC,0.0,0.0,86.3
GIUP-R019.jpg,GIUP-R019.jpg,RONE,Other_Specialty,#F8D4E6,330.0,14.5,97.3
GIUP-R02.jpg,GIUP-R02.jpg,RONE,Other_Specialty,#AF9457,41.6,50.3,68.6
GIUP-R020.jpg,GIUP-R020.jpg,RONE,Other_Specialty,#F45474,348.0,65.6,95.7
GIUP-R021.jpg,GIUP-R021.jpg,RONE,Other_Specialty,#25235E,242.0,62.8,36.9
GIUP-R022.jpg,GIUP-R022.jpg,RONE,Other_Specialty,#D9E4E7,192.9,6.1,90.6
GIUP-R023.jpg,GIUP-R023.jpg,RONE,Other_Specialty,#855C99,280.3,39.9,60.0
GIUP-R024.jpg,GIUP-R024.jpg,RONE,Other_Specialty,#573E37,13.1,36.8,34.1
GIUP-R025.jpg,GIUP-R025.jpg,RONE,Other_Specialty,#573738,358.1,36.8,34.1
GIUP-R026.jpg,GIUP-R026.jpg,RONE,Other_Specialty,#6C2425,359.2,66.7,42.4
GIUP-R027.jpg,GIUP-R027.jpg,RONE,Other_Specialty,#593832,9.2,43.8,34.9
GIUP-R028.jpg,GIUP-R028.jpg,RONE,Other_Specialty,#502484,267.5,72.7,51.8
GIUP-R029.jpg,GIUP-R029.jpg,RONE,Other_Specialty,#61243E,334.4,62.9,38.0
GIUP-R03.jpg,GIUP-R03.jpg,RONE,Other_Specialty,#CC2430,355.7,82.4,80.0
GIUP-R030.jpg,GIUP-R030.jpg,RONE,Other_Specialty,#7F244B,334.3,71.7,49.8
GIUP-R031.jpg,GIUP-R031.jpg,RONE,Other_Specialty,#394924,85.9,50.7,28.6
GIUP-R032.jpg,GIUP-R032.jpg,RONE,Other_Specialty,#3D263C,302.6,37.7,23.9
GIUP-R033.jpg,GIUP-R033.jpg,RONE,Other_Specialty,#B9ACA0,28.8,13.5,72.5
GIUP-R034.jpg,GIUP-R034.jpg,RONE,Other_Specialty,#C29F8A,22.5,28.9,76.1
GIUP-R035.jpg,GIUP-R035.jpg,RONE,Other_Specialty,#A92B2F,358.1,74.6,66.3
GIUP-R036.webp,GIUP-R036.webp,RONE,Other_Specialty,#F9452D,7.1,81.9,97.6
GIUP-R037.webp,GIUP-R037.webp,RONE,Other_Specialty,#F7F825,60.3,85.1,97.3
GIUP-R038.webp,GIUP-R038.webp,RONE,Other_Specialty,#24BB47,133.9,80.7,73.3
GIUP-R039.webp,GIUP-R039.webp,RONE,Other_Specialty,#9B27DD,278.2,82.4,86.7
GIUP-R04.jpg,GIUP-R04.jpg,RONE,Other_Specialty,#DECAE7,281.4,12.6,90.6
GIUP-R040.webp,GIUP-R040.webp,RONE,Other_Specialty,#262497,241.0,76.2,59.2
GIUP-R05.jpg,GIUP-R05.jpg,RONE,Other_Specialty,#CCEBC2,105.4,17.4,92.2
GIUP-R06.jpg,GIUP-R06.jpg,RONE,Other_Specialty,#96C3DF,203.0,32.7,87.5
GIUP-R07.jpg,GIUP-R07.jpg,RONE,Other_Specialty,#E6B9BD,354.7,19.6,90.2
GIUP-R08.jpg,GIUP-R08.jpg,RONE,Other_Specialty,#F7E190,47.2,41.7,96.9
GIUP-R09.jpg,GIUP-R09.jpg,RONE,Other_Specialty,#A4A1CA,244.4,20.3,79.2
SH1.webp,SH1.webp,SHIMMER COLORS,Glitter_Specialty,#CCB1AA,12.4,16.7,80.0
SH2.webp,SH2.webp,SHIMMER COLORS,Glitter_Specialty,#7CADC0,196.8,35.4,75.3
SH3.webp,SH3.webp,SHIMMER COLORS,Glitter_Specialty,#DE7597,340.6,47.3,87.1
SH4.webp,SH4.webp,SHIMMER COLORS,Glitter_Specialty,#DE9075,15.4,47.3,87.1
SH5.webp,SH5.webp,SHIMMER COLORS,Glitter_Specialty,#BFA58C,29.4,26.7,74.9
SH6.webp,SH6.webp,SHIMMER COLORS,Glitter_Specialty,#656565,0.0,0.0,39.6
GIUP-2309.jpg,GIUP-2309.jpg,SNOWFLAKE,Other_Specialty,#EFC8C0,10.2,19.7,93.7
GIUP-2310.jpg,GIUP-2310.jpg,SNOWFLAKE,Other_Specialty,#DDEDCF,92.0,12.7,92.9
GIUP-2311.jpg,GIUP-2311.jpg,SNOWFLAKE,Other_Specialty,#AFE0D4,165.3,21.9,87.8
GIUP-2312.jpg,GIUP-2312.jpg,SNOWFLAKE,Other_Specialty,#A5DBE5,189.4,27.9,89.8
GIUP-2313.jpg,GIUP-2313.jpg,SNOWFLAKE,Other_Specialty,#96B4F3,220.6,38.3,95.3
GIUP-2314.jpg,GIUP-2314.jpg,SNOWFLAKE,Other_Specialty,#C9B1EE,263.6,25.6,93.3
GIUP-2315.jpg,GIUP-2315.jpg,SNOWFLAKE,Other_Specialty,#F4B6D6,329.0,25.4,95.7
GIUP-2317.jpg,GIUP-2317.jpg,SNOWFLAKE,Other_Specialty,#DCDCDC,0.0,0.0,86.3
GIUP-15.jpg,GIUP-15.jpg,SOLID GEL POLISH / Black,Grey_Neutral,#3D403E,140.0,4.7,25.1
GIUP-15A.jpg,GIUP-15A.jpg,SOLID GEL POLISH / Black,Brown_Nude,#A3A1A2,330.0,1.2,63.9
GIUP-2055.jpg,GIUP-2055.jpg,SOLID GEL POLISH / Black,Brown_Nude,#404040,0.0,0.0,25.1
GIUP-17.jpg,GIUP-17.jpg,SOLID GEL POLISH / Blue,Blue,#383F51,223.2,30.9,31.8
GIUP-1810.jpg,GIUP-1810.jpg,SOLID GEL POLISH / Blue,Purple,#422D45,292.5,34.8,27.1
GIUP-1815.jpg,GIUP-1815.jpg,SOLID GEL POLISH / Blue,Blue,#2D2D4A,240.0,39.2,29.0
GIUP-1816.jpg,GIUP-1816.jpg,SOLID GEL POLISH / Blue,Blue,#302C60,244.6,54.2,37.6
GIUP-1933.jpg,GIUP-1933.jpg,SOLID GEL POLISH / Blue,Blue,#403E50,246.7,22.5,31.4
GIUP-1938.jpg,GIUP-1938.jpg,SOLID GEL POLISH / Blue,Blue,#31324D,237.9,36.4,30.2
GIUP-2031.jpg,GIUP-2031.jpg,SOLID GEL POLISH / Blue,Blue,#A3C5C8,184.9,18.5,78.4
GIUP-2033.jpg,GIUP-2033.jpg,SOLID GEL POLISH / Blue,Blue,#B8C3CA,203.3,8.9,79.2
GIUP-2034.jpg,GIUP-2034.jpg,SOLID GEL POLISH / Blue,Blue,#9EABB5,206.1,12.7,71.0
GIUP-2053.jpg,GIUP-2053.jpg,SOLID GEL POLISH / Blue,Blue,#373E54,225.5,34.5,32.9
GIUP-2128.jpg,GIUP-2128.jpg,SOLID GEL POLISH / Blue,Blue,#405466,208.4,37.3,40.0
GIUP-2129.jpg,GIUP-2129.jpg,SOLID GEL POLISH / Blue,Blue,#364247,197.6,23.9,27.8
GIUP-2130.jpg,GIUP-2130.jpg,SOLID GEL POLISH / Blue,Purple,#3F3749,266.7,24.7,28.6
GIUP-2229.jpg,GIUP-2229.jpg,SOLID GEL POLISH / Blue,Blue,#7C959A,190.0,19.5,60.4
GIUP-2232.jpg,GIUP-2232.jpg,SOLID GEL POLISH / Blue,Blue,#405269,213.7,39.0,41.2
GIUP-2233.jpg,GIUP-2233.jpg,SOLID GEL POLISH / Blue,Blue,#2A3051,230.8,48.1,31.8
GIUP-2300.jpg,GIUP-2300.jpg,SOLID GEL POLISH / Blue,Blue,#88B9C3,190.2,30.3,76.5
GIUP-2303.jpg,GIUP-2303.jpg,SOLID GEL POLISH / Blue,Blue,#5C91BE,207.6,51.6,74.5
GIUP-2409.jpg,GIUP-2409.jpg,SOLID GEL POLISH / Blue,Blue,#BECCDA,210.0,12.8,85.5
GIUP-2423.jpg,GIUP-2423.jpg,SOLID GEL POLISH / Blue,Blue,#A3C3D3,200.0,22.7,82.7
GIUP-2429.jpg,GIUP-2429.jpg,SOLID GEL POLISH / Blue,Blue,#312792,245.6,73.3,57.3
GIUP-2438.jpg,GIUP-2438.jpg,SOLID GEL POLISH / Blue,Blue,#283F50,205.5,50.0,31.4
GIUP-2443.jpg,GIUP-2443.jpg,SOLID GEL POLISH / Blue,Blue,#477287,199.7,47.4,52.9
GIUP-2449.jpg,GIUP-2449.jpg,SOLID GEL POLISH / Blue,Blue,#2A2E54,234.3,50.0,32.9
GIUP-2451.jpg,GIUP-2451.jpg,SOLID GEL POLISH / Blue,Blue,#2E2F4D,238.1,40.3,30.2
GIUP-2456.jpg,GIUP-2456.jpg,SOLID GEL POLISH / Blue,Blue,#3D3E57,237.7,29.9,34.1
GIUP-2507.webp,GIUP-2507.webp,SOLID GEL POLISH / Blue,Blue,#AED9E2,190.4,23.0,88.6
GIUP-70.jpg,GIUP-70.jpg,SOLID GEL POLISH / Blue,Blue,#B4D3D8,188.3,16.7,84.7
GIUP-701.jpg,GIUP-701.jpg,SOLID GEL POLISH / Blue,Blue,#4D8CB7,204.3,57.9,71.8
GIUP-702.jpg,GIUP-702.jpg,SOLID GEL POLISH / Blue,Blue,#89AAC9,209.1,31.8,78.8
GIUP-703.jpg,GIUP-703.jpg,SOLID GEL POLISH / Blue,Blue,#4549A5,237.5,58.2,64.7
GIUP-704.jpg,GIUP-704.jpg,SOLID GEL POLISH / Blue,Blue,#406E82,198.2,50.8,51.0
GIUP-705.jpg,GIUP-705.jpg,SOLID GEL POLISH / Blue,Blue,#A5B8C7,206.5,17.1,78.0
GIUP-706.jpg,GIUP-706.jpg,SOLID GEL POLISH / Blue,Blue,#70759B,233.0,27.7,60.8
GIUP-707.jpg,GIUP-707.jpg,SOLID GEL POLISH / Blue,Blue,#A0C4CE,193.0,22.3,80.8
GIUP-708.jpg,GIUP-708.jpg,SOLID GEL POLISH / Blue,Blue,#6E94C1,212.5,43.0,75.7
GIUP-71.jpg,GIUP-71.jpg,SOLID GEL POLISH / Blue,Blue,#8CC1D1,193.9,33.0,82.0
GIUP-72.jpg,GIUP-72.jpg,SOLID GEL POLISH / Blue,Blue,#92B3CC,205.9,28.4,80.0
GIUP-73.jpg,GIUP-73.jpg,SOLID GEL POLISH / Blue,Blue,#8BA3C5,215.2,29.4,77.3
GIUP-74.jpg,GIUP-74.jpg,SOLID GEL POLISH / Blue,Blue,#253682,229.0,71.5,51.0
GIUP-75.jpg,GIUP-75.jpg,SOLID GEL POLISH / Blue,Blue,#342464,255.0,64.0,39.2
GIUP-76.jpg,GIUP-76.jpg,SOLID GEL POLISH / Blue,Blue,#567B87,194.7,36.3,52.9
GIUP-77.jpg,GIUP-77.jpg,SOLID GEL POLISH / Blue,Blue,#2D4356,207.8,47.7,33.7
GIUP-78.jpg,GIUP-78.jpg,SOLID GEL POLISH / Blue,Blue,#394E72,217.9,50.0,44.7
GIUP-79.jpg,GIUP-79.jpg,SOLID GEL POLISH / Blue,Blue,#5E657B,225.5,23.6,48.2
GIUP-AD03.jpg,GIUP-AD03.jpg,SOLID GEL POLISH / Blue,Purple,#352C4F,255.4,44.3,31.0
GIUP-B2BBlue0003.jpg,GIUP-B2BBlue0003.jpg,SOLID GEL POLISH / Blue,Blue,#3E5CA2,222.0,61.7,63.5
GIUP-140.jpg,GIUP-140.jpg,SOLID GEL POLISH / Brown,Brown_Nude,#B4AFA9,32.7,6.1,70.6
GIUP-141.jpg,GIUP-141.jpg,SOLID GEL POLISH / Brown,Orange,#C1A98D,32.3,26.9,75.7
GIUP-142.jpg,GIUP-142.jpg,SOLID GEL POLISH / Brown,Orange,#BC876D,19.7,42.0,73.7
GIUP-143.jpg,GIUP-143.jpg,SOLID GEL POLISH / Brown,Brown_Nude,#998579,22.5,20.9,60.0
GIUP-144.jpg,GIUP-144.jpg,SOLID GEL POLISH / Brown,Red,#88675F,11.7,30.1,53.3
GIUP-145.jpg,GIUP-145.jpg,SOLID GEL POLISH / Brown,Red,#533839,357.8,32.5,32.5
GIUP-146.jpg,GIUP-146.jpg,SOLID GEL POLISH / Brown,Brown_Nude,#574642,11.4,24.1,34.1
GIUP-147.jpg,GIUP-147.jpg,SOLID GEL POLISH / Brown,Brown_Nude,#413634,9.2,20.0,25.5
GIUP-148.jpg,GIUP-148.jpg,SOLID GEL POLISH / Brown,Red,#835854,5.1,35.9,51.4
GIUP-149.jpg,GIUP-149.jpg,SOLID GEL POLISH / Brown,Orange,#9D7C60,27.5,38.9,61.6
GIUP-150.jpg,GIUP-150.jpg,SOLID GEL POLISH / Brown,Orange,#745849,20.9,37.1,45.5
GIUP-151.jpg,GIUP-151.jpg,SOLID GEL POLISH / Brown,Orange,#734A3B,16.1,48.7,45.1
GIUP-152.jpg,GIUP-152.jpg,SOLID GEL POLISH / Brown,Orange,#835545,15.5,47.3,51.4
GIUP-153.jpg,GIUP-153.jpg,SOLID GEL POLISH / Brown,Brown_Nude,#BFACA2,20.7,15.2,74.9
GIUP-154.jpg,GIUP-154.jpg,SOLID GEL POLISH / Brown,Orange,#D0BEB5,20.0,13.0,81.6
GIUP-155.jpg,GIUP-155.jpg,SOLID GEL POLISH / Brown,Brown_Nude,#B79D98,9.7,16.9,71.8
GIUP-156.jpg,GIUP-156.jpg,SOLID GEL POLISH / Brown,Orange,#8B7168,15.4,25.2,54.5
GIUP-1923.jpg,GIUP-1923.jpg,SOLID GEL POLISH / Brown,Brown_Nude,#B9ABA0,26.4,13.5,72.5
GIUP-1925.jpg,GIUP-1925.jpg,SOLID GEL POLISH / Brown,Red,#C27D6F,10.1,42.8,76.1
GIUP-1947.jpg,GIUP-1947.jpg,SOLID GEL POLISH / Brown,Brown_Nude,#C5B9AE,28.7,11.7,77.3
GIUP-2042.jpg,GIUP-2042.jpg,SOLID GEL POLISH / Brown,Orange,#CDBFB9,18.0,9.8,80.4
GIUP-2049.jpg,GIUP-2049.jpg,SOLID GEL POLISH / Brown,Red,#704340,3.8,42.9,43.9
GIUP-2133.jpg,GIUP-2133.jpg,SOLID GEL POLISH / Brown,Red,#896460,5.9,29.9,53.7
GIUP-2136.jpg,GIUP-2136.jpg,SOLID GEL POLISH / Brown,Red,#94514E,2.6,47.3,58.0
GIUP-2137.jpg,GIUP-2137.jpg,SOLID GEL POLISH / Brown,Red,#8B544C,7.6,45.3,54.5
GIUP-2138.jpg,GIUP-2138.jpg,SOLID GEL POLISH / Brown,Orange,#A76347,17.5,57.5,65.5
GIUP-2139.jpg,GIUP-2139.jpg,SOLID GEL POLISH / Brown,Orange,#745B47,26.7,38.8,45.5
GIUP-2140.jpg,GIUP-2140.jpg,SOLID GEL POLISH / Brown,Red,#6B453C,11.5,43.9,42.0
GIUP-2220.jpg,GIUP-2220.jpg,SOLID GEL POLISH / Brown,Brown_Nude,#9E9077,38.5,24.7,62.0
GIUP-2221.jpg,GIUP-2221.jpg,SOLID GEL POLISH / Brown,Orange,#9B7950,32.8,48.4,60.8
GIUP-2223.jpg,GIUP-2223.jpg,SOLID GEL POLISH / Brown,Orange,#5C4E42,27.7,28.3,36.1
GIUP-2224.jpg,GIUP-2224.jpg,SOLID GEL POLISH / Brown,Orange,#584439,21.3,35.2,34.5
GIUP-2439.jpg,GIUP-2439.jpg,SOLID GEL POLISH / Brown,Orange,#D0C1AD,34.3,16.8,81.6
GIUP-2442.jpg,GIUP-2442.jpg,SOLID GEL POLISH / Brown,Orange,#876957,22.5,35.6,52.9
GIUP-2521.webp,GIUP-2521.webp,SOLID GEL POLISH / Brown,Orange,#6D483C,14.7,45.0,42.7
GIUP-1823.jpg,GIUP-1823.jpg,SOLID GEL POLISH / Coral Orange,Orange,#C67743,23.8,66.2,77.6
GIUP-1901.jpg,GIUP-1901.jpg,SOLID GEL POLISH / Coral Orange,Orange,#EBAE6B,31.4,54.5,92.2
GIUP-1902.jpg,GIUP-1902.jpg,SOLID GEL POLISH / Coral Orange,Red,#E8CDC7,10.9,14.2,91.0
GIUP-1903.jpg,GIUP-1903.jpg,SOLID GEL POLISH / Coral Orange,Orange,#E3C6BA,17.6,18.1,89.0
GIUP-1904.jpg,GIUP-1904.jpg,SOLID GEL POLISH / Coral Orange,Red,#D1A19A,7.6,26.3,82.0
GIUP-1905.jpg,GIUP-1905.jpg,SOLID GEL POLISH / Coral Orange,Orange,#EFA363,27.4,58.6,93.7
GIUP-1906.jpg,GIUP-1906.jpg,SOLID GEL POLISH / Coral Orange,Orange,#EB7E40,21.8,72.8,92.2
GIUP-1907.jpg,GIUP-1907.jpg,SOLID GEL POLISH / Coral Orange,Red,#F87784,354.0,52.0,97.3
GIUP-1926.jpg,GIUP-1926.jpg,SOLID GEL POLISH / Coral Orange,Orange,#BC6844,18.0,63.8,73.7
GIUP-2020.jpg,GIUP-2020.jpg,SOLID GEL POLISH / Coral Orange,Orange,#E9AE82,25.6,44.2,91.4
GIUP-2021.jpg,GIUP-2021.jpg,SOLID GEL POLISH / Coral Orange,Orange,#DCAF8E,25.4,35.5,86.3
GIUP-2038.jpg,GIUP-2038.jpg,SOLID GEL POLISH / Coral Orange,Red,#EEBBB1,9.8,25.6,93.3
GIUP-2039.jpg,GIUP-2039.jpg,SOLID GEL POLISH / Coral Orange,Red,#F8BDB6,6.4,26.6,97.3
GIUP-2041.jpg,GIUP-2041.jpg,SOLID GEL POLISH / Coral Orange,Orange,#DABBB3,12.3,17.9,85.5
GIUP-2063.jpg,GIUP-2063.jpg,SOLID GEL POLISH / Coral Orange,Orange,#D08931,33.2,76.4,81.6
GIUP-2201.jpg,GIUP-2201.jpg,SOLID GEL POLISH / Coral Orange,Orange,#F8C28B,30.3,44.0,97.3
GIUP-2203.jpg,GIUP-2203.jpg,SOLID GEL POLISH / Coral Orange,Orange,#F8AA75,24.3,52.8,97.3
GIUP-2204.jpg,GIUP-2204.jpg,SOLID GEL POLISH / Coral Orange,Red,#ED7566,6.7,57.0,92.9
GIUP-2222.jpg,GIUP-2222.jpg,SOLID GEL POLISH / Coral Orange,Orange,#A45D42,16.5,59.8,64.3
GIUP-2422.jpg,GIUP-2422.jpg,SOLID GEL POLISH / Coral Orange,Yellow,#F1AD4D,35.1,68.0,94.5
GIUP-2441.jpg,GIUP-2441.jpg,SOLID GEL POLISH / Coral Orange,Red,#B34C3C,8.1,66.5,70.2
GIUP-2511.webp,GIUP-2511.webp,SOLID GEL POLISH / Coral Orange,Red,#E1BFB9,9.0,17.8,88.2
GIUP-30.jpg,GIUP-30.jpg,SOLID GEL POLISH / Coral Orange,Orange,#EDC8B2,22.4,24.9,92.9
GIUP-31.jpg,GIUP-31.jpg,SOLID GEL POLISH / Coral Orange,Orange,#E7A18A,14.8,40.3,90.6
GIUP-32.jpg,GIUP-32.jpg,SOLID GEL POLISH / Coral Orange,Orange,#F1D2AF,31.8,27.4,94.5
GIUP-33.jpg,GIUP-33.jpg,SOLID GEL POLISH / Coral Orange,Orange,#EA9E6E,23.2,53.0,91.8
GIUP-34.jpg,GIUP-34.jpg,SOLID GEL POLISH / Coral Orange,Red,#F5BAB3,6.4,26.9,96.1
GIUP-34B.jpg,GIUP-34B.jpg,SOLID GEL POLISH / Coral Orange,Red,#F29B8A,9.8,43.0,94.9
GIUP-35.jpg,GIUP-35.jpg,SOLID GEL POLISH / Coral Orange,Red,#EF8F84,6.2,44.8,93.7
GIUP-36.jpg,GIUP-36.jpg,SOLID GEL POLISH / Coral Orange,Red,#E8817C,2.8,46.6,91.0
GIUP-37.jpg,GIUP-37.jpg,SOLID GEL POLISH / Coral Orange,Orange,#EA8D73,13.1,50.9,91.8
GIUP-38.jpg,GIUP-38.jpg,SOLID GEL POLISH / Coral Orange,Red,#C28A82,7.5,33.0,76.1
GIUP-39.jpg,GIUP-39.jpg,SOLID GEL POLISH / Coral Orange,Orange,#D37952,18.1,61.1,82.7
GIUP-41.jpg,GIUP-41.jpg,SOLID GEL POLISH / Coral Orange,Orange,#F3AF73,28.1,52.7,95.3
GIUP-1812.jpg,GIUP-1812.jpg,SOLID GEL POLISH / Green,Blue,#395B62,190.2,41.8,38.4
GIUP-19.jpg,GIUP-19.jpg,SOLID GEL POLISH / Green,Green,#2F3C32,133.8,21.7,23.5
GIUP-1913.jpg,GIUP-1913.jpg,SOLID GEL POLISH / Green,Green,#CDDED7,155.3,7.7,87.1
GIUP-1914.jpg,GIUP-1914.jpg,SOLID GEL POLISH / Green,Green,#B3DF99,97.7,31.4,87.5
GIUP-1915.jpg,GIUP-1915.jpg,SOLID GEL POLISH / Green,Blue,#80A5A5,180.0,22.4,64.7
GIUP-1920.jpg,GIUP-1920.jpg,SOLID GEL POLISH / Green,Green,#B5CDB5,120.0,11.7,80.4
GIUP-1922.jpg,GIUP-1922.jpg,SOLID GEL POLISH / Green,Yellow,#CDCCB8,57.1,10.2,80.4
GIUP-1927.jpg,GIUP-1927.jpg,SOLID GEL POLISH / Green,Yellow,#A09056,47.0,46.2,62.7
GIUP-1928.jpg,GIUP-1928.jpg,SOLID GEL POLISH / Green,Yellow,#888353,54.3,39.0,53.3
GIUP-1929.jpg,GIUP-1929.jpg,SOLID GEL POLISH / Green,Green,#294634,142.8,41.4,27.5
GIUP-1934.jpg,GIUP-1934.jpg,SOLID GEL POLISH / Green,Blue,#224A54,192.0,59.5,32.9
GIUP-2024.jpg,GIUP-2024.jpg,SOLID GEL POLISH / Green,Yellow,#D5D1AA,54.4,20.2,83.5
GIUP-2025.jpg,GIUP-2025.jpg,SOLID GEL POLISH / Green,Yellow,#D0CE8E,58.2,31.7,81.6
GIUP-2026.jpg,GIUP-2026.jpg,SOLID GEL POLISH / Green,Green,#CEE0BF,92.7,14.7,87.8
GIUP-2027.jpg,GIUP-2027.jpg,SOLID GEL POLISH / Green,White_Clear,#D3E6E0,161.1,8.3,90.2
GIUP-2028.jpg,GIUP-2028.jpg,SOLID GEL POLISH / Green,White_Clear,#D6E2DE,160.0,5.3,88.6
GIUP-2029.jpg,GIUP-2029.jpg,SOLID GEL POLISH / Green,Green,#BED3CC,160.0,10.0,82.7
GIUP-2047.jpg,GIUP-2047.jpg,SOLID GEL POLISH / Green,Green,#8C947F,82.9,14.2,58.0
GIUP-2058.jpg,GIUP-2058.jpg,SOLID GEL POLISH / Green,Green,#9FA894,87.0,11.9,65.9
GIUP-2120.jpg,GIUP-2120.jpg,SOLID GEL POLISH / Green,Yellow,#ACAC90,60.0,16.3,67.5
GIUP-2121.jpg,GIUP-2121.jpg,SOLID GEL POLISH / Green,Green,#89A884,111.7,21.4,65.9
GIUP-2122.jpg,GIUP-2122.jpg,SOLID GEL POLISH / Green,Green,#919E86,92.5,15.2,62.0
GIUP-2123.jpg,GIUP-2123.jpg,SOLID GEL POLISH / Green,Blue,#415D57,167.1,30.1,36.5
GIUP-2124.jpg,GIUP-2124.jpg,SOLID GEL POLISH / Green,Green,#AFB796,74.5,18.0,71.8
GIUP-2125.jpg,GIUP-2125.jpg,SOLID GEL POLISH / Green,Green,#819286,137.6,11.6,57.3
GIUP-2200.jpg,GIUP-2200.jpg,SOLID GEL POLISH / Green,Green,#3ACE68,138.6,71.8,80.8
GIUP-2202.jpg,GIUP-2202.jpg,SOLID GEL POLISH / Green,Green,#AAD69C,105.5,27.1,83.9
GIUP-2212.jpg,GIUP-2212.jpg,SOLID GEL POLISH / Green,Brown_Nude,#B2AA95,43.4,16.3,69.8
GIUP-2213.jpg,GIUP-2213.jpg,SOLID GEL POLISH / Green,Yellow,#867F58,50.9,34.3,52.5
GIUP-2214.jpg,GIUP-2214.jpg,SOLID GEL POLISH / Green,Yellow,#5C5843,50.4,27.2,36.1
GIUP-2215.jpg,GIUP-2215.jpg,SOLID GEL POLISH / Green,Green,#4F5D56,150.0,15.1,36.5
GIUP-2216.jpg,GIUP-2216.jpg,SOLID GEL POLISH / Green,Brown_Nude,#736C60,37.9,16.5,45.1
GIUP-2217.jpg,GIUP-2217.jpg,SOLID GEL POLISH / Green,Brown_Nude,#928B7F,37.9,13.0,57.3
GIUP-2218.jpg,GIUP-2218.jpg,SOLID GEL POLISH / Green,Brown_Nude,#78746C,40.0,10.0,47.1
GIUP-2219.jpg,GIUP-2219.jpg,SOLID GEL POLISH / Green,Green,#55574F,75.0,9.2,34.1
GIUP-2230.jpg,GIUP-2230.jpg,SOLID GEL POLISH / Green,Blue,#576F70,182.4,22.3,43.9
GIUP-2231.jpg,GIUP-2231.jpg,SOLID GEL POLISH / Green,Blue,#3D6D70,183.5,45.5,43.9
GIUP-2302.jpg,GIUP-2302.jpg,SOLID GEL POLISH / Green,Yellow,#CACF7C,63.6,40.1,81.2
GIUP-2308.jpg,GIUP-2308.jpg,SOLID GEL POLISH / Green,Blue,#A2D4C8,165.6,23.6,83.1
GIUP-2324.jpg,GIUP-2324.jpg,SOLID GEL POLISH / Green,Blue,#595B5F,220.0,6.3,37.3
GIUP-2419.jpg,GIUP-2419.jpg,SOLID GEL POLISH / Green,Green,#AEE99D,106.6,32.6,91.4
GIUP-2424.jpg,GIUP-2424.jpg,SOLID GEL POLISH / Green,Green,#98E299,120.8,32.7,88.6
GIUP-2427.jpg,GIUP-2427.jpg,SOLID GEL POLISH / Green,Green,#266E42,143.3,65.5,43.1
GIUP-2440.jpg,GIUP-2440.jpg,SOLID GEL POLISH / Green,Blue,#3C5652,170.8,30.2,33.7
GIUP-2450.jpg,GIUP-2450.jpg,SOLID GEL POLISH / Green,Green,#3B453D,132.0,14.5,27.1
GIUP-2515.webp,GIUP-2515.webp,SOLID GEL POLISH / Green,Brown_Nude,#777169,34.3,11.8,46.7
GIUP-80.jpg,GIUP-80.jpg,SOLID GEL POLISH / Green,Blue,#8ECAC2,172.0,29.7,79.2
GIUP-81.jpg,GIUP-81.jpg,SOLID GEL POLISH / Green,Green,#84C087,123.0,31.2,75.3
GIUP-82.jpg,GIUP-82.jpg,SOLID GEL POLISH / Green,Green,#80A681,121.6,22.9,65.1
GIUP-83.jpg,GIUP-83.jpg,SOLID GEL POLISH / Green,Blue,#58A391,165.6,46.0,63.9
GIUP-84.jpg,GIUP-84.jpg,SOLID GEL POLISH / Green,Blue,#3A7771,174.1,51.3,46.7
GIUP-85.jpg,GIUP-85.jpg,SOLID GEL POLISH / Green,Green,#29715A,160.8,63.7,44.3
GIUP-86.jpg,GIUP-86.jpg,SOLID GEL POLISH / Green,Blue,#264B45,170.3,49.3,29.4
GIUP-87.jpg,GIUP-87.jpg,SOLID GEL POLISH / Green,Green,#667461,104.2,16.4,45.5
GIUP-88.jpg,GIUP-88.jpg,SOLID GEL POLISH / Green,Green,#838D79,90.0,14.2,55.3
GIUP-89.jpg,GIUP-89.jpg,SOLID GEL POLISH / Green,Green,#6F7450,68.3,31.0,45.5
GIUP-90.jpg,GIUP-90.jpg,SOLID GEL POLISH / Green,Green,#718059,83.1,30.5,50.2
GIUP-91.jpg,GIUP-91.jpg,SOLID GEL POLISH / Green,Blue,#45868F,187.3,51.7,56.1
GIUP-92.jpg,GIUP-92.jpg,SOLID GEL POLISH / Green,Blue,#61B5AF,175.7,46.4,71.0
GIUP-93.jpg,GIUP-93.jpg,SOLID GEL POLISH / Green,Green,#4D6C60,156.8,28.7,42.4
GIUP-94.jpg,GIUP-94.jpg,SOLID GEL POLISH / Green,Green,#94A086,87.7,16.2,62.7
GIUP-95.jpg,GIUP-95.jpg,SOLID GEL POLISH / Green,Green,#A3D2B5,143.0,22.4,82.4
GIUP-96.jpg,GIUP-96.jpg,SOLID GEL POLISH / Green,Green,#68816B,127.2,19.4,50.6
GIUP-97.jpg,GIUP-97.jpg,SOLID GEL POLISH / Green,Green,#C9E0C6,113.1,11.6,87.8
GIUP-AD02.jpg,GIUP-AD02.jpg,SOLID GEL POLISH / Green,Green,#394731,98.2,31.0,27.8
GIUP-11.jpg,GIUP-11.jpg,SOLID GEL POLISH / Grey,Brown_Nude,#B8B8B8,0.0,0.0,72.2
GIUP-12.jpg,GIUP-12.jpg,SOLID GEL POLISH / Grey,Grey_Neutral,#7D8183,200.0,4.6,51.4
GIUP-13.jpg,GIUP-13.jpg,SOLID GEL POLISH / Grey,Blue,#8B8B97,240.0,7.9,59.2
GIUP-14.jpg,GIUP-14.jpg,SOLID GEL POLISH / Grey,Brown_Nude,#8E837D,21.2,12.0,55.7
GIUP-1811.jpg,GIUP-1811.jpg,SOLID GEL POLISH / Grey,Grey_Neutral,#777E7E,180.0,5.6,49.4
GIUP-1814.jpg,GIUP-1814.jpg,SOLID GEL POLISH / Grey,Brown_Nude,#746B65,24.0,12.9,45.5
GIUP-1921.jpg,GIUP-1921.jpg,SOLID GEL POLISH / Grey,White_Clear,#D0D1D4,225.0,1.9,83.1
GIUP-1924.jpg,GIUP-1924.jpg,SOLID GEL POLISH / Grey,Brown_Nude,#B2ABA5,27.7,7.3,69.8
GIUP-2046.jpg,GIUP-2046.jpg,SOLID GEL POLISH / Grey,Grey_Neutral,#948E95,291.4,4.7,58.4
GIUP-2052.jpg,GIUP-2052.jpg,SOLID GEL POLISH / Grey,Blue,#3F424A,223.6,14.9,29.0
GIUP-2062.jpg,GIUP-2062.jpg,SOLID GEL POLISH / Grey,Grey_Neutral,#5D615F,150.0,4.1,38.0
GIUP-2126.jpg,GIUP-2126.jpg,SOLID GEL POLISH / Grey,Blue,#61656F,222.9,12.6,43.5
GIUP-2127.jpg,GIUP-2127.jpg,SOLID GEL POLISH / Grey,Blue,#384B56,202.0,34.9,33.7
GIUP-2141.jpg,GIUP-2141.jpg,SOLID GEL POLISH / Grey,Brown_Nude,#5F5C54,43.6,11.6,37.3
GIUP-2142.jpg,GIUP-2142.jpg,SOLID GEL POLISH / Grey,Yellow,#4E4C45,46.7,11.5,30.6
GIUP-2144.jpg,GIUP-2144.jpg,SOLID GEL POLISH / Grey,Brown_Nude,#605C57,33.3,9.4,37.6
GIUP-2225.jpg,GIUP-2225.jpg,SOLID GEL POLISH / Grey,Blue,#AEAEBA,240.0,6.5,72.9
GIUP-2332.jpg,GIUP-2332.jpg,SOLID GEL POLISH / Grey,Brown_Nude,#8C8C8C,0.0,0.0,54.9
GIUP-2436.jpg,GIUP-2436.jpg,SOLID GEL POLISH / Grey,Brown_Nude,#4A4745,24.0,6.8,29.0
GIUP-2445.jpg,GIUP-2445.jpg,SOLID GEL POLISH / Grey,Grey_Neutral,#4B4B4C,240.0,1.3,29.8
GIUP-2513.webp,GIUP-2513.webp,SOLID GEL POLISH / Grey,Brown_Nude,#8F7780,337.5,16.8,56.1
GIUP-2525.webp,GIUP-2525.webp,SOLID GEL POLISH / Grey,Grey_Neutral,#444748,195.0,5.6,28.2
GIUP-21A.jpg,GIUP-21A.jpg,SOLID GEL POLISH / Neon,Red,#EB5F6F,353.1,59.6,92.2
GIUP-23.jpg,GIUP-23.jpg,SOLID GEL POLISH / Neon,Red,#F89E94,6.0,40.3,97.3
GIUP-24.jpg,GIUP-24.jpg,SOLID GEL POLISH / Neon,Pink,#ED8AA4,344.2,41.8,92.9
GIUP-26.jpg,GIUP-26.jpg,SOLID GEL POLISH / Neon,Green,#93F877,107.0,52.0,97.3
GIUP-27.jpg,GIUP-27.jpg,SOLID GEL POLISH / Neon,Red,#F2827E,2.1,47.9,94.9
GIUP-27A.jpg,GIUP-27A.jpg,SOLID GEL POLISH / Neon,Red,#F68079,3.4,50.8,96.5
GIUP-28.jpg,GIUP-28.jpg,SOLID GEL POLISH / Neon,Red,#F7765D,9.7,62.3,96.9
GIUP-28A.jpg,GIUP-28A.jpg,SOLID GEL POLISH / Neon,Red,#F8696C,358.7,57.7,97.3
GIUP-29.jpg,GIUP-29.jpg,SOLID GEL POLISH / Neon,Pink,#F57598,343.6,52.2,96.1
GIUP-29A.jpg,GIUP-29A.jpg,SOLID GEL POLISH / Neon,Pink,#F981A3,343.0,48.2,97.6
GIUP-40.jpg,GIUP-40.jpg,SOLID GEL POLISH / Neon,Orange,#F6804D,18.1,68.7,96.5
GIUP-100.jpg,GIUP-100.jpg,SOLID GEL POLISH / Pink,Pink,#EDC9D6,338.3,15.2,92.9
GIUP-100A.jpg,GIUP-100A.jpg,SOLID GEL POLISH / Pink,Red,#F897AB,347.6,39.1,97.3
GIUP-101.jpg,GIUP-101.jpg,SOLID GEL POLISH / Pink,Red,#E39A8D,9.1,37.9,89.0
GIUP-102.jpg,GIUP-102.jpg,SOLID GEL POLISH / Pink,Red,#EABDBD,0.0,19.2,91.8
GIUP-103.jpg,GIUP-103.jpg,SOLID GEL POLISH / Pink,Red,#DF99A4,350.6,31.4,87.5
GIUP-104.jpg,GIUP-104.jpg,SOLID GEL POLISH / Pink,Red,#F48C9C,350.8,42.6,95.7
GIUP-105.jpg,GIUP-105.jpg,SOLID GEL POLISH / Pink,Pink,#D26DA6,326.1,48.1,82.4
GIUP-106.jpg,GIUP-106.jpg,SOLID GEL POLISH / Pink,Red,#F19FAC,350.5,34.0,94.5
GIUP-107.jpg,GIUP-107.jpg,SOLID GEL POLISH / Pink,Red,#BC737F,350.1,38.8,73.7
GIUP-108.jpg,GIUP-108.jpg,SOLID GEL POLISH / Pink,Pink,#CB8198,341.4,36.5,79.6
GIUP-109.jpg,GIUP-109.jpg,SOLID GEL POLISH / Pink,Pink,#C96D85,344.3,45.8,78.8
GIUP-110.jpg,GIUP-110.jpg,SOLID GEL POLISH / Pink,Red,#E08988,0.7,39.3,87.8
GIUP-111.jpg,GIUP-111.jpg,SOLID GEL POLISH / Pink,Pink,#E3C0CE,336.0,15.4,89.0
GIUP-112.jpg,GIUP-112.jpg,SOLID GEL POLISH / Pink,White_Clear,#E6D8DB,347.1,6.1,90.2
GIUP-113.jpg,GIUP-113.jpg,SOLID GEL POLISH / Pink,Pink,#FA90AF,342.5,42.4,98.0
GIUP-114.jpg,GIUP-114.jpg,SOLID GEL POLISH / Pink,Pink,#E3829E,342.7,42.7,89.0
GIUP-115.jpg,GIUP-115.jpg,SOLID GEL POLISH / Pink,Red,#A37278,352.7,30.1,63.9
GIUP-116.jpg,GIUP-116.jpg,SOLID GEL POLISH / Pink,Pink,#9D3F5B,342.1,59.9,61.6
GIUP-117.jpg,GIUP-117.jpg,SOLID GEL POLISH / Pink,Red,#A03F4F,350.1,60.6,62.7
GIUP-118.jpg,GIUP-118.jpg,SOLID GEL POLISH / Pink,Pink,#863E56,340.0,53.7,52.5
GIUP-119.jpg,GIUP-119.jpg,SOLID GEL POLISH / Pink,Brown_Nude,#BE9295,355.9,23.2,74.5
GIUP-1821.jpg,GIUP-1821.jpg,SOLID GEL POLISH / Pink,Red,#A9465B,347.3,58.6,66.3
GIUP-1908.jpg,GIUP-1908.jpg,SOLID GEL POLISH / Pink,Pink,#F44378,342.0,72.5,95.7
GIUP-1909.jpg,GIUP-1909.jpg,SOLID GEL POLISH / Pink,Pink,#E9C6D4,336.0,15.0,91.4
GIUP-1910.jpg,GIUP-1910.jpg,SOLID GEL POLISH / Pink,Pink,#EEA9C3,337.4,29.0,93.3
GIUP-1911.jpg,GIUP-1911.jpg,SOLID GEL POLISH / Pink,Pink,#E8CED8,336.9,11.2,91.0
GIUP-1931.jpg,GIUP-1931.jpg,SOLID GEL POLISH / Pink,Pink,#782B49,336.6,64.2,47.1
GIUP-1940.jpg,GIUP-1940.jpg,SOLID GEL POLISH / Pink,Red,#7C4651,347.8,43.5,48.6
GIUP-1941.jpg,GIUP-1941.jpg,SOLID GEL POLISH / Pink,Red,#604144,354.2,32.3,37.6
GIUP-1945.jpg,GIUP-1945.jpg,SOLID GEL POLISH / Pink,Pink,#7B3B51,339.4,52.0,48.2
GIUP-1946.jpg,GIUP-1946.jpg,SOLID GEL POLISH / Pink,Pink,#892F53,336.0,65.7,53.7
GIUP-2043.jpg,GIUP-2043.jpg,SOLID GEL POLISH / Pink,Red,#D4C5C5,0.0,7.1,83.1
GIUP-2057.jpg,GIUP-2057.jpg,SOLID GEL POLISH / Pink,Red,#A3515A,353.4,50.3,63.9
GIUP-2206.jpg,GIUP-2206.jpg,SOLID GEL POLISH / Pink,Pink,#D54670,342.4,67.1,83.5
GIUP-2207.jpg,GIUP-2207.jpg,SOLID GEL POLISH / Pink,Pink,#F3729F,339.1,53.1,95.3
GIUP-2208.jpg,GIUP-2208.jpg,SOLID GEL POLISH / Pink,Red,#EB697C,351.2,55.3,92.2
GIUP-2209.jpg,GIUP-2209.jpg,SOLID GEL POLISH / Pink,Pink,#F8A3C2,338.1,34.3,97.3
GIUP-2420.jpg,GIUP-2420.jpg,SOLID GEL POLISH / Pink,Pink,#F870CD,319.0,54.8,97.3
GIUP-2421.jpg,GIUP-2421.jpg,SOLID GEL POLISH / Pink,Pink,#F25082,341.5,66.9,94.9
GIUP-2428.jpg,GIUP-2428.jpg,SOLID GEL POLISH / Pink,Pink,#C52979,329.2,79.2,77.3
GIUP-2509.webp,GIUP-2509.webp,SOLID GEL POLISH / Pink,Pink,#DA29A6,317.6,81.2,85.5
GIUP-2510.webp,GIUP-2510.webp,SOLID GEL POLISH / Pink,Pink,#E27190,343.5,50.0,88.6
GIUP-2512.webp,GIUP-2512.webp,SOLID GEL POLISH / Pink,Red,#B37578,357.1,34.6,70.2
GIUP-2516.webp,GIUP-2516.webp,SOLID GEL POLISH / Pink,Pink,#94416A,330.4,56.1,58.0
GIUP-2519.webp,GIUP-2519.webp,SOLID GEL POLISH / Pink,Pink,#892841,344.5,70.8,53.7
GIUP-120.jpg,GIUP-120.jpg,SOLID GEL POLISH / Purple,White_Clear,#D9D1DD,280.0,5.4,86.7
GIUP-121.jpg,GIUP-121.jpg,SOLID GEL POLISH / Purple,Purple,#948792,309.2,8.8,58.0
GIUP-122.jpg,GIUP-122.jpg,SOLID GEL POLISH / Purple,Purple,#A389B5,275.5,24.3,71.0
GIUP-123.jpg,GIUP-123.jpg,SOLID GEL POLISH / Purple,Purple,#8C6AA4,275.2,35.4,64.3
GIUP-124.jpg,GIUP-124.jpg,SOLID GEL POLISH / Purple,Blue,#4F4277,254.7,44.5,46.7
GIUP-125.jpg,GIUP-125.jpg,SOLID GEL POLISH / Purple,Purple,#59476A,270.9,33.0,41.6
GIUP-126.jpg,GIUP-126.jpg,SOLID GEL POLISH / Purple,Blue,#383155,251.7,42.4,33.3
GIUP-127.jpg,GIUP-127.jpg,SOLID GEL POLISH / Purple,Purple,#725E7D,278.7,24.8,49.0
GIUP-128.jpg,GIUP-128.jpg,SOLID GEL POLISH / Purple,Purple,#3E274C,277.3,48.7,29.8
GIUP-129.jpg,GIUP-129.jpg,SOLID GEL POLISH / Purple,Purple,#6A4A80,275.6,42.2,50.2
GIUP-130.jpg,GIUP-130.jpg,SOLID GEL POLISH / Purple,Pink,#3F2830,339.1,36.5,24.7
GIUP-132.jpg,GIUP-132.jpg,SOLID GEL POLISH / Purple,Purple,#6A3E64,308.2,41.5,41.6
GIUP-133.jpg,GIUP-133.jpg,SOLID GEL POLISH / Purple,Purple,#AB98BD,270.8,19.6,74.1
GIUP-134.jpg,GIUP-134.jpg,SOLID GEL POLISH / Purple,Purple,#62546E,272.3,23.6,43.1
GIUP-135.jpg,GIUP-135.jpg,SOLID GEL POLISH / Purple,Pink,#A37A8F,329.3,25.2,63.9
GIUP-136.jpg,GIUP-136.jpg,SOLID GEL POLISH / Purple,Pink,#C8B5C2,318.9,9.5,78.4
GIUP-137.jpg,GIUP-137.jpg,SOLID GEL POLISH / Purple,Pink,#D6BACA,325.7,13.1,83.9
GIUP-18.jpg,GIUP-18.jpg,SOLID GEL POLISH / Purple,Blue,#39344A,253.6,29.7,29.0
GIUP-1803.jpg,GIUP-1803.jpg,SOLID GEL POLISH / Purple,Pink,#B78CA8,320.9,23.5,71.8
GIUP-1804.jpg,GIUP-1804.jpg,SOLID GEL POLISH / Purple,Brown_Nude,#B79FA3,350.0,13.1,71.8
GIUP-1805.jpg,GIUP-1805.jpg,SOLID GEL POLISH / Purple,Brown_Nude,#B19E9A,10.4,13.0,69.4
GIUP-1806.jpg,GIUP-1806.jpg,SOLID GEL POLISH / Purple,Brown_Nude,#9F8D8A,8.6,13.2,62.4
GIUP-1807.jpg,GIUP-1807.jpg,SOLID GEL POLISH / Purple,Brown_Nude,#9B8584,2.6,14.8,60.8
GIUP-1808.jpg,GIUP-1808.jpg,SOLID GEL POLISH / Purple,Brown_Nude,#7C636E,333.6,20.2,48.6
GIUP-1809.jpg,GIUP-1809.jpg,SOLID GEL POLISH / Purple,Purple,#62388D,269.6,60.3,55.3
GIUP-1820.jpg,GIUP-1820.jpg,SOLID GEL POLISH / Purple,Purple,#402856,271.3,53.5,33.7
GIUP-1912.jpg,GIUP-1912.jpg,SOLID GEL POLISH / Purple,Red,#CEB6BB,347.5,11.7,80.8
GIUP-1916.jpg,GIUP-1916.jpg,SOLID GEL POLISH / Purple,Blue,#829EBD,211.5,31.2,74.1
GIUP-2044.jpg,GIUP-2044.jpg,SOLID GEL POLISH / Purple,White_Clear,#CBC3CC,293.3,4.4,80.0
GIUP-2045.jpg,GIUP-2045.jpg,SOLID GEL POLISH / Purple,Purple,#AA9CAC,292.5,9.3,67.5
GIUP-2048.jpg,GIUP-2048.jpg,SOLID GEL POLISH / Purple,Brown_Nude,#9E8285,353.6,17.7,62.0
GIUP-2131.jpg,GIUP-2131.jpg,SOLID GEL POLISH / Purple,Blue,#838095,248.6,14.1,58.4
GIUP-2132.jpg,GIUP-2132.jpg,SOLID GEL POLISH / Purple,Purple,#61596A,268.2,16.0,41.6
GIUP-2134.jpg,GIUP-2134.jpg,SOLID GEL POLISH / Purple,Pink,#523E49,327.0,24.4,32.2
GIUP-2210.jpg,GIUP-2210.jpg,SOLID GEL POLISH / Purple,Purple,#9861A5,288.5,41.2,64.7
GIUP-2211.jpg,GIUP-2211.jpg,SOLID GEL POLISH / Purple,Purple,#A5289C,304.3,75.8,64.7
GIUP-2226.jpg,GIUP-2226.jpg,SOLID GEL POLISH / Purple,Purple,#997994,309.4,20.9,60.0
GIUP-2228.jpg,GIUP-2228.jpg,SOLID GEL POLISH / Purple,Pink,#573941,344.0,34.5,34.1
GIUP-2305.jpg,GIUP-2305.jpg,SOLID GEL POLISH / Purple,Purple,#C58FD8,284.4,33.8,84.7
GIUP-2306.jpg,GIUP-2306.jpg,SOLID GEL POLISH / Purple,Blue,#8FA2CF,222.2,30.9,81.2
GIUP-2319.jpg,GIUP-2319.jpg,SOLID GEL POLISH / Purple,Blue,#7065A4,250.5,38.4,64.3
GIUP-2320.jpg,GIUP-2320.jpg,SOLID GEL POLISH / Purple,Purple,#7B2A90,287.6,70.8,56.5
GIUP-2321.jpg,GIUP-2321.jpg,SOLID GEL POLISH / Purple,Purple,#543D5B,286.0,33.0,35.7
GIUP-2322.jpg,GIUP-2322.jpg,SOLID GEL POLISH / Purple,Purple,#68486B,294.9,32.7,42.0
GIUP-2406.jpg,GIUP-2406.jpg,SOLID GEL POLISH / Purple,Pink,#C8A4B7,328.3,18.0,78.4
GIUP-2426.jpg,GIUP-2426.jpg,SOLID GEL POLISH / Purple,Purple,#8E36A1,289.3,66.5,63.1
GIUP-2444.jpg,GIUP-2444.jpg,SOLID GEL POLISH / Purple,Pink,#4A3441,324.5,29.7,29.0
GIUP-2446.jpg,GIUP-2446.jpg,SOLID GEL POLISH / Purple,Pink,#42343D,321.4,21.2,25.9
GIUP-2453.jpg,GIUP-2453.jpg,SOLID GEL POLISH / Purple,Pink,#4C343B,342.5,31.6,29.8
GIUP-2526.webp,GIUP-2526.webp,SOLID GEL POLISH / Purple,Purple,#6D4682,279.0,46.2,51.0
GIUP131.jpg,GIUP131.jpg,SOLID GEL POLISH / Purple,Purple,#C896CA,297.7,25.7,79.2
GIUP-16.jpg,GIUP-16.jpg,SOLID GEL POLISH / Red,Red,#604344,357.9,30.2,37.6
GIUP-1801.jpg,GIUP-1801.jpg,SOLID GEL POLISH / Red,Red,#883436,358.6,61.8,53.3
GIUP-1802.jpg,GIUP-1802.jpg,SOLID GEL POLISH / Red,Red,#5E2A36,346.2,55.3,36.9
GIUP-1930.jpg,GIUP-1930.jpg,SOLID GEL POLISH / Red,Pink,#68273C,340.6,62.5,40.8
GIUP-1932.jpg,GIUP-1932.jpg,SOLID GEL POLISH / Red,Pink,#512531,343.6,54.3,31.8
GIUP-1943.jpg,GIUP-1943.jpg,SOLID GEL POLISH / Red,Red,#BB3A3E,358.1,69.0,73.3
GIUP-2050.jpg,GIUP-2050.jpg,SOLID GEL POLISH / Red,Red,#462928,2.0,42.9,27.5
GIUP-2051.jpg,GIUP-2051.jpg,SOLID GEL POLISH / Red,Pink,#452735,332.0,43.5,27.1
GIUP-2060.jpg,GIUP-2060.jpg,SOLID GEL POLISH / Red,Brown_Nude,#54464B,338.6,16.7,32.9
GIUP-2061.jpg,GIUP-2061.jpg,SOLID GEL POLISH / Red,Blue,#383D40,202.5,12.5,25.1
GIUP-2135.jpg,GIUP-2135.jpg,SOLID GEL POLISH / Red,Red,#7C4744,3.2,45.2,48.6
GIUP-2146.jpg,GIUP-2146.jpg,SOLID GEL POLISH / Red,Red,#943D40,357.9,58.8,58.0
GIUP-2205.jpg,GIUP-2205.jpg,SOLID GEL POLISH / Red,Red,#E8393B,359.3,75.4,91.0
GIUP-2227.jpg,GIUP-2227.jpg,SOLID GEL POLISH / Red,Red,#61312D,4.6,53.6,38.0
GIUP-2304.jpg,GIUP-2304.jpg,SOLID GEL POLISH / Red,Red,#F05554,0.4,65.0,94.1
GIUP-2316.jpg,GIUP-2316.jpg,SOLID GEL POLISH / Red,Red,#B22833,355.2,77.5,69.8
GIUP-2323.jpg,GIUP-2323.jpg,SOLID GEL POLISH / Red,Pink,#70293C,343.9,63.4,43.9
GIUP-2425.jpg,GIUP-2425.jpg,SOLID GEL POLISH / Red,Red,#EE4F5E,354.3,66.8,93.3
GIUP-2437.jpg,GIUP-2437.jpg,SOLID GEL POLISH / Red,Red,#5F2E32,355.1,51.6,37.3
GIUP-2455.jpg,GIUP-2455.jpg,SOLID GEL POLISH / Red,Red,#662828,0.0,60.8,40.0
GIUP-2457.jpg,GIUP-2457.jpg,SOLID GEL POLISH / Red,Red,#853239,354.9,62.4,52.2
GIUP-2458.jpg,GIUP-2458.jpg,SOLID GEL POLISH / Red,Red,#86313B,352.9,63.4,52.5
GIUP-2459.jpg,GIUP-2459.jpg,SOLID GEL POLISH / Red,Red,#70262E,353.5,66.1,43.9
GIUP-2460.jpg,GIUP-2460.jpg,SOLID GEL POLISH / Red,Red,#812A2C,358.6,67.4,50.6
GIUP-2461.jpg,GIUP-2461.jpg,SOLID GEL POLISH / Red,Red,#622629,357.0,61.2,38.4
GIUP-2518.webp,GIUP-2518.webp,SOLID GEL POLISH / Red,Red,#703434,0.0,53.6,43.9
GIUP-2523.webp,GIUP-2523.webp,SOLID GEL POLISH / Red,Red,#5B3631,7.1,46.2,35.7
GIUP-2528.webp,GIUP-2528.webp,SOLID GEL POLISH / Red,Red,#922933,354.3,71.9,57.3
GIUP-50.jpg,GIUP-50.jpg,SOLID GEL POLISH / Red,Red,#BE384A,351.9,70.5,74.5
GIUP-51.jpg,GIUP-51.jpg,SOLID GEL POLISH / Red,Red,#BC4056,349.4,66.0,73.7
GIUP-51A.jpg,GIUP-51A.jpg,SOLID GEL POLISH / Red,Red,#BC3C55,348.3,68.1,73.7
GIUP-52.jpg,GIUP-52.jpg,SOLID GEL POLISH / Red,Red,#A6353E,355.2,68.1,65.1
GIUP-53.jpg,GIUP-53.jpg,SOLID GEL POLISH / Red,Red,#983743,352.6,63.8,59.6
GIUP-54.jpg,GIUP-54.jpg,SOLID GEL POLISH / Red,Red,#973840,354.9,62.9,59.2
GIUP-55.jpg,GIUP-55.jpg,SOLID GEL POLISH / Red,Red,#8B333B,354.5,63.3,54.5
GIUP-56.jpg,GIUP-56.jpg,SOLID GEL POLISH / Red,Red,#AF3947,352.9,67.4,68.6
GIUP-57.jpg,GIUP-57.jpg,SOLID GEL POLISH / Red,Red,#DD5546,6.0,68.3,86.7
GIUP-58.jpg,GIUP-58.jpg,SOLID GEL POLISH / Red,Red,#B4474E,356.1,60.6,70.6
GIUP-59.jpg,GIUP-59.jpg,SOLID GEL POLISH / Red,Red,#D43E46,356.8,70.8,83.1
GIUP-60.jpg,GIUP-60.jpg,SOLID GEL POLISH / Red,Red,#673943,347.0,44.7,40.4
GIUP-61.jpg,GIUP-61.jpg,SOLID GEL POLISH / Red,Red,#5A333C,346.2,43.3,35.3
GIUP-62.jpg,GIUP-62.jpg,SOLID GEL POLISH / Red,Red,#512F35,349.4,42.0,31.8
GIUP-63.jpg,GIUP-63.jpg,SOLID GEL POLISH / Red,Pink,#682D3F,341.7,56.7,40.8
GIUP-64.jpg,GIUP-64.jpg,SOLID GEL POLISH / Red,Red,#8E4A4E,356.5,47.9,55.7
GIUP-AD01.jpg,GIUP-AD01.jpg,SOLID GEL POLISH / Red,Red,#6B303A,349.8,55.1,42.0
GIUP-B2BRed0001.jpg,GIUP-B2BRed0001.jpg,SOLID GEL POLISH / Red,Red,#9C3234,358.9,67.9,61.2
GIUP-01-FFF.jpg,GIUP-01-FFF.jpg,SOLID GEL POLISH / White,White_Clear,#D7D7D7,0.0,0.0,84.3
GIUP-01.jpg,GIUP-01.jpg,SOLID GEL POLISH / White,White_Clear,#DADADA,0.0,0.0,85.5
GIUP-1900.jpg,GIUP-1900.jpg,SOLID GEL POLISH / Yellow,Yellow,#E9D3A9,39.4,27.5,91.4
GIUP-20.jpg,GIUP-20.jpg,SOLID GEL POLISH / Yellow,Yellow,#EBE0B9,46.8,21.3,92.2
GIUP-2022.jpg,GIUP-2022.jpg,SOLID GEL POLISH / Yellow,Yellow,#E9D9A7,45.5,28.3,91.4
GIUP-2023.jpg,GIUP-2023.jpg,SOLID GEL POLISH / Yellow,Yellow,#F4DF92,47.1,40.2,95.7
GIUP-2054.jpg,GIUP-2054.jpg,SOLID GEL POLISH / Yellow,Orange,#E29F45,34.4,69.5,88.6
GIUP-2056.jpg,GIUP-2056.jpg,SOLID GEL POLISH / Yellow,Orange,#C38E50,32.3,59.0,76.5
GIUP-20A.jpg,GIUP-20A.jpg,SOLID GEL POLISH / Yellow,Yellow,#EAEBB9,61.2,21.3,92.2
GIUP-20B.jpg,GIUP-20B.jpg,SOLID GEL POLISH / Yellow,Yellow,#EADEB3,46.9,23.5,91.8
GIUP-20C.jpg,GIUP-20C.jpg,SOLID GEL POLISH / Yellow,Yellow,#F0F4A2,62.9,33.6,95.7
GIUP-21.jpg,GIUP-21.jpg,SOLID GEL POLISH / Yellow,Yellow,#F9D577,43.4,52.2,97.6
GIUP-2143.jpg,GIUP-2143.jpg,SOLID GEL POLISH / Yellow,Yellow,#C8BE4B,55.2,62.5,78.4
GIUP-22.jpg,GIUP-22.jpg,SOLID GEL POLISH / Yellow,Yellow,#F7E97B,53.2,50.2,96.9
GIUP-25.jpg,GIUP-25.jpg,SOLID GEL POLISH / Yellow,Yellow,#F8F877,60.0,52.0,97.3
GIUP-B2BYellow0002.jpg,GIUP-B2BYellow0002.jpg,SOLID GEL POLISH / Yellow,Yellow,#E4D574,52.0,49.1,89.4
GIUP-SS01Kaleidascope.jpg,GIUP-SS01Kaleidascope.jpg,SPIX & SPEX,Glitter_Specialty,#CEB9BE,345.7,10.2,80.8
GIUP-SS02Delphinium.jpg,GIUP-SS02Delphinium.jpg,SPIX & SPEX,Glitter_Specialty,#BAC6DC,218.8,15.5,86.3
GIUP-SS03Giddy Grape.jpg,GIUP-SS03Giddy Grape.jpg,SPIX & SPEX,Glitter_Specialty,#B3D3CE,170.6,15.2,82.7
GIUP-SS04Popping Candy.jpg,GIUP-SS04Popping Candy.jpg,SPIX & SPEX,Glitter_Specialty,#BDBDC7,240.0,5.0,78.0
GIUP-SS05Lemon Sorbet.jpg,GIUP-SS05Lemon Sorbet.jpg,SPIX & SPEX,Glitter_Specialty,#DADEC5,69.6,11.3,87.1
GIUP-SS06Tusk Tusk.jpg,GIUP-SS06Tusk Tusk.jpg,SPIX & SPEX,Glitter_Specialty,#CCC2C6,336.0,4.9,80.0
GIUP-400.jpg,GIUP-400.jpg,THERMO,Other_Specialty,#443D3F,342.9,10.3,26.7
GIUP-401.jpg,GIUP-401.jpg,THERMO,Other_Specialty,#533F45,342.0,24.1,32.5
GIUP-402.jpg,GIUP-402.jpg,THERMO,Other_Specialty,#52554E,85.7,8.2,33.3
GIUP-403.jpg,GIUP-403.jpg,THERMO,Other_Specialty,#42918C,176.2,54.5,56.9
GIUP-404.jpg,GIUP-404.jpg,THERMO,Other_Specialty,#D7B5CD,317.6,15.8,84.3
GIUP-405.jpg,GIUP-405.jpg,THERMO,Other_Specialty,#AFBBC8,211.2,12.5,78.4
GIUP-406.jpg,GIUP-406.jpg,THERMO,Other_Specialty,#E2888E,356.0,39.8,88.6
GIUP-407.jpg,GIUP-407.jpg,THERMO,Other_Specialty,#F68372,7.7,53.7,96.5
GIUP-408.jpg,GIUP-408.jpg,THERMO,Other_Specialty,#C3C9EA,230.8,16.7,91.8
GIUP-409.jpg,GIUP-409.jpg,THERMO,Other_Specialty,#C2EAAA,97.5,27.4,91.8
GIUP-410.jpg,GIUP-410.jpg,THERMO,Other_Specialty,#E6B6D3,323.8,20.9,90.2
GIUP-411.jpg,GIUP-411.jpg,THERMO,Other_Specialty,#656565,0.0,0.0,39.6
TFG01.webp,TFG01.webp,TUTTI FRUTTI GLASS,Glitter_Specialty,#FAC3DF,329.5,22.0,98.0
TFG02.webp,TFG02.webp,TUTTI FRUTTI GLASS,Glitter_Specialty,#F8D2CF,4.4,16.5,97.3
TFG03.webp,TFG03.webp,TUTTI FRUTTI GLASS,Glitter_Specialty,#E4F5D9,96.4,11.4,96.1
TFG04.webp,TFG04.webp,TUTTI FRUTTI GLASS,Glitter_Specialty,#DAE8E3,158.6,6.0,91.0
TFG05.webp,TFG05.webp,TUTTI FRUTTI GLASS,Glitter_Specialty,#E5DBF2,266.1,9.5,94.9
TFG06.webp,TFG06.webp,TUTTI FRUTTI GLASS,Glitter_Specialty,#D6EAF6,202.5,13.0,96.5
